{"root":0,"uuid":"qxWtJ02ebKhq0j2Yg9Je","version":0.1,"symbols":[{"type":5,"frames":[{}]},{"selectable":false,"html":true,"password":false,"color":-16777216,"fontName":"MV Boli","rect":[-10559,-40,20402,2980],"text":"<p align=\"center\"><font face=\"MV Boli\" size=\"90\" color=\"#000000\" letterSpacing=\"-1.00\" kerning=\"1\">1 : ABC 10000 pts</font></p>","type":2,"border":false,"leftMargin":0,"fontID":54,"id":55,"wordWrap":false,"leading":40,"indent":0,"multiline":false,"align":"center","rightMargin":0,"fontHeight":1800,"input":false},{"selectable":false,"html":true,"password":false,"color":-16777216,"fontName":"ARCO Typography","rect":[-20322,-40,48411,4580],"text":"<p align=\"center\"><font face=\"ARCO Typography\" size=\"200\" color=\"#000000\" letterSpacing=\"-1.00\" kerning=\"1\">Highscores</font></p>","type":2,"border":false,"leftMargin":0,"fontID":25,"id":53,"wordWrap":false,"leading":40,"indent":0,"multiline":false,"align":"center","rightMargin":0,"fontHeight":4000,"input":false},{"type":5,"className":"Hud","baseClassName":null,"id":52,"frames":[{"objects":[{"name":"mcBottomLeft","type":0,"depth":1,"symbol":48,"clipDepth":0,"id":0,"matrix":[1,0,0,1,0,28560]},{"name":"mcTopCenter","type":0,"depth":3,"symbol":51,"clipDepth":0,"id":1,"matrix":[1,0,0,1,21491,0]}]}]},{"type":5,"id":51,"frames":[{"objects":[{"name":"txtScore","type":0,"depth":1,"symbol":50,"clipDepth":0,"id":0,"matrix":[1.62339782714844,0,0,1.62339782714844,-7802,698]}]}]},{"selectable":false,"html":true,"password":false,"color":-16777216,"fontName":"Impact","rect":[-40,-40,9692,1544],"text":"<p align=\"center\"><font face=\"Impact\" size=\"60\" color=\"#000000\" letterSpacing=\"0.00\" kerning=\"1\">*000</font></p>","type":2,"border":false,"leftMargin":0,"fontID":49,"id":50,"wordWrap":false,"leading":40,"indent":0,"multiline":false,"align":"center","rightMargin":0,"fontHeight":1200,"input":false},{"type":5,"id":48,"frames":[{"objects":[{"name":null,"type":0,"depth":1,"symbol":47,"clipDepth":0,"id":0,"matrix":[1,0,0,1,0,0]}]}]},{"type":5,"id":47,"frames":[{"objects":[{"type":0,"depth":0,"symbol":46,"clipDepth":0,"id":0,"visible":true,"matrix":[1,0,0,1,0,-3320]}]}]},{"path":"symbols/46.png","type":0,"id":46},{"type":5,"className":"LevelScreen","baseClassName":null,"id":45,"frames":[{"objects":[{"name":null,"type":0,"depth":1,"symbol":23,"clipDepth":0,"id":0,"matrix":[1,0,0,1,0,0]},{"name":null,"type":0,"depth":2,"symbol":26,"clipDepth":0,"id":1,"matrix":[1,0,0,1,13192,1619]},{"name":null,"type":0,"depth":3,"symbol":28,"clipDepth":0,"id":2,"matrix":[1,0,0,1,16901,26018]},{"name":null,"type":0,"depth":9,"symbol":30,"clipDepth":0,"id":3,"matrix":[1,0,0,1,7892,6730]},{"name":null,"type":0,"depth":20,"symbol":32,"clipDepth":0,"id":4,"matrix":[1,0,0,1,7381,6408]},{"name":null,"type":0,"depth":31,"symbol":33,"clipDepth":0,"id":5,"matrix":[1,0,0,1,19838,6770]},{"name":null,"type":0,"depth":32,"symbol":34,"clipDepth":0,"id":6,"matrix":[1,0,0,1,8414,11641]},{"name":null,"type":0,"depth":33,"symbol":35,"clipDepth":0,"id":7,"matrix":[1,0,0,1,19838,11641]},{"name":null,"type":0,"depth":34,"symbol":36,"clipDepth":0,"id":8,"matrix":[1,0,0,1,30568,11641]},{"name":null,"type":0,"depth":35,"symbol":37,"clipDepth":0,"id":9,"matrix":[1,0,0,1,30568,16736]},{"name":null,"type":0,"depth":36,"symbol":38,"clipDepth":0,"id":10,"matrix":[1,0,0,1,19838,16736]},{"name":null,"type":0,"depth":37,"symbol":39,"clipDepth":0,"id":11,"matrix":[1,0,0,1,8414,16736]},{"name":null,"type":0,"depth":38,"symbol":40,"clipDepth":0,"id":12,"matrix":[1,0,0,1,19838,21599]},{"name":null,"type":0,"depth":39,"symbol":41,"clipDepth":0,"id":13,"matrix":[1,0,0,1,8414,21599]},{"name":null,"type":0,"depth":40,"symbol":42,"clipDepth":0,"id":14,"matrix":[1,0,0,1,30568,21599]},{"name":null,"type":0,"depth":41,"symbol":44,"clipDepth":0,"id":15,"matrix":[1,0,0,1,0,0]}]}]},{"type":5,"id":44,"frames":[{"objects":[{"type":0,"depth":0,"symbol":43,"clipDepth":0,"id":0,"visible":true,"matrix":[1,0,0,1,6960,9220]}]}]},{"path":"symbols/43.png","type":0,"id":43},{"type":6,"id":42,"records":[{"color":-1,"offset":[420,1480],"fontID":25,"glyphs":[78,73,86,69,65,85,0,25],"fontHeight":1400,"advances":[1067,567,1135,842,1005,1122,492,863]}],"matrix":[1,0,0,1,0,0]},{"type":6,"id":41,"records":[{"color":-1,"offset":[440,1480],"fontID":25,"glyphs":[78,73,86,69,65,85,0,23],"fontHeight":1400,"advances":[1067,567,1135,842,1005,1122,492,842]}],"matrix":[1,0,0,1,0,0]},{"type":6,"id":40,"records":[{"color":-1,"offset":[400,1480],"fontID":25,"glyphs":[78,73,86,69,65,85,0,24],"fontHeight":1400,"advances":[1067,567,1135,842,1005,1122,492,913]}],"matrix":[1,0,0,1,0,0]},{"type":6,"id":39,"records":[{"color":-1,"offset":[380,1480],"fontID":25,"glyphs":[78,73,86,69,65,85,0,20],"fontHeight":1400,"advances":[1067,567,1135,842,1005,1122,492,954]}],"matrix":[1,0,0,1,0,0]},{"type":6,"id":38,"records":[{"color":-1,"offset":[440,1480],"fontID":25,"glyphs":[78,73,86,69,65,85,0,21],"fontHeight":1400,"advances":[1067,567,1135,842,1005,1122,492,831]}],"matrix":[1,0,0,1,0,0]},{"type":6,"id":37,"records":[{"color":-1,"offset":[440,1480],"fontID":25,"glyphs":[78,73,86,69,65,85,0,22],"fontHeight":1400,"advances":[1067,567,1135,842,1005,1122,492,849]}],"matrix":[1,0,0,1,0,0]},{"type":6,"id":36,"records":[{"color":-1,"offset":[420,1480],"fontID":25,"glyphs":[78,73,86,69,65,85,0,19],"fontHeight":1400,"advances":[1067,567,1135,842,1005,1122,492,897]}],"matrix":[1,0,0,1,0,0]},{"type":6,"id":35,"records":[{"color":-1,"offset":[420,1480],"fontID":25,"glyphs":[78,73,86,69,65,85,0,18],"fontHeight":1400,"advances":[1067,567,1135,842,1005,1122,492,869]}],"matrix":[1,0,0,1,0,0]},{"type":6,"id":34,"records":[{"color":-1,"offset":[480,1480],"fontID":25,"glyphs":[78,73,86,69,65,85,0,17],"fontHeight":1400,"advances":[1067,567,1135,842,1005,1122,492,748]}],"matrix":[1,0,0,1,0,0]},{"type":6,"id":33,"records":[{"color":-1,"offset":[160,1480],"fontID":25,"glyphs":[52,85,84,79,82,73,69,76],"fontHeight":1400,"advances":[1088,1122,1088,1121,956,567,842,834]}],"matrix":[1,0,0,1,0,0]},{"type":5,"id":32,"frames":[{"objects":[{"name":null,"type":0,"depth":10,"symbol":31,"clipDepth":0,"id":0,"matrix":[1,0,0,1,0,0]}]}]},{"type":4,"id":31,"commands":[3,5,1,26265,1,8,1278,4824,7,9125,4824,4,9655,4824,10029,5448,4,10403,6074,10403,6959,7,10403,6960,4,10403,7845,10029,8469,4,9655,9095,9125,9095,7,1278,9095,4,748,9095,374,8469,4,0,7845,0,6960,7,0,6959,4,0,6074,374,5448,4,748,4824,1278,4824,5,3,5,1,26265,1,8,1278,9731,7,9125,9731,4,9655,9731,10029,10355,4,10403,10981,10403,11866,7,10403,11867,4,10403,12752,10029,13376,4,9655,14002,9125,14002,7,1278,14002,4,748,14002,374,13376,4,0,12752,0,11867,7,0,11866,4,0,10981,374,10355,4,748,9731,1278,9731,5,3,5,1,26265,1,8,1278,14623,7,9125,14623,4,9655,14623,10029,15247,4,10403,15873,10403,16758,7,10403,16759,4,10403,17644,10029,18268,4,9655,18894,9125,18894,7,1278,18894,4,748,18894,374,18268,4,0,17644,0,16759,7,0,16758,4,0,15873,374,15247,4,748,14623,1278,14623,5,3,5,1,26265,1,8,12377,4824,7,20224,4824,4,20754,4824,21128,5448,4,21502,6074,21502,6959,7,21502,6960,4,21502,7845,21128,8469,4,20754,9095,20224,9095,7,12377,9095,4,11847,9095,11473,8469,4,11099,7845,11099,6960,7,11099,6959,4,11099,6074,11473,5448,4,11847,4824,12377,4824,5,3,5,1,26265,1,8,12377,9731,7,20224,9731,4,20754,9731,21128,10355,4,21502,10981,21502,11866,7,21502,11867,4,21502,12752,21128,13376,4,20754,14002,20224,14002,7,12377,14002,4,11847,14002,11473,13376,4,11099,12752,11099,11867,7,11099,11866,4,11099,10981,11473,10355,4,11847,9731,12377,9731,5,3,5,1,26265,1,8,12377,14623,7,20224,14623,4,20754,14623,21128,15247,4,21502,15873,21502,16758,7,21502,16759,4,21502,17644,21128,18268,4,20754,18894,20224,18894,7,12377,18894,4,11847,18894,11473,18268,4,11099,17644,11099,16759,7,11099,16758,4,11099,15873,11473,15247,4,11847,14623,12377,14623,5,3,5,1,26265,1,8,23363,4824,7,31210,4824,4,31740,4824,32114,5448,4,32488,6074,32488,6959,7,32488,6960,4,32488,7845,32114,8469,4,31740,9095,31210,9095,7,23363,9095,4,22833,9095,22459,8469,4,22085,7845,22085,6960,7,22085,6959,4,22085,6074,22459,5448,4,22833,4824,23363,4824,5,3,5,1,26265,1,8,23363,9740,7,31210,9740,4,31740,9740,32114,10364,4,32488,10990,32488,11875,7,32488,11876,4,32488,12761,32114,13385,4,31740,14011,31210,14011,7,23363,14011,4,22833,14011,22459,13385,4,22085,12761,22085,11876,7,22085,11875,4,22085,10990,22459,10364,4,22833,9740,23363,9740,5,3,5,1,26265,1,8,23363,14623,7,31210,14623,4,31740,14623,32114,15247,4,32488,15873,32488,16758,7,32488,16759,4,32488,17644,32114,18268,4,31740,18894,31210,18894,7,23363,18894,4,22833,18894,22459,18268,4,22085,17644,22085,16759,7,22085,16758,4,22085,15873,22459,15247,4,22833,14623,23363,14623,5,3,5,1,26214,1,8,12377,0,7,20224,0,4,20754,0,21128,624,4,21502,1250,21502,2135,7,21502,2136,4,21502,3021,21128,3645,4,20754,4271,20224,4271,7,12377,4271,4,11847,4271,11473,3645,4,11099,3021,11099,2136,7,11099,2135,4,11099,1250,11473,624,4,11847,0,12377,0,5]},{"type":5,"id":30,"frames":[{"objects":[{"name":null,"type":0,"depth":10,"symbol":29,"clipDepth":0,"id":0,"matrix":[1,0,0,1,0,0]}]}]},{"type":4,"id":29,"commands":[3,5,1,3355443,0.8,8,1278,4824,7,9125,4824,4,9655,4824,10029,5448,4,10403,6074,10403,6959,7,10403,6960,4,10403,7845,10029,8469,4,9655,9095,9125,9095,7,1278,9095,4,748,9095,374,8469,4,0,7845,0,6960,7,0,6959,4,0,6074,374,5448,4,748,4824,1278,4824,5,3,5,1,3355443,0.8,8,12377,4824,7,20224,4824,4,20754,4824,21128,5448,4,21502,6074,21502,6959,7,21502,6960,4,21502,7845,21128,8469,4,20754,9095,20224,9095,7,12377,9095,4,11847,9095,11473,8469,4,11099,7845,11099,6960,7,11099,6959,4,11099,6074,11473,5448,4,11847,4824,12377,4824,5,3,5,1,3355443,0.8,8,23363,4824,7,31210,4824,4,31740,4824,32114,5448,4,32488,6074,32488,6959,7,32488,6960,4,32488,7845,32114,8469,4,31740,9095,31210,9095,7,23363,9095,4,22833,9095,22459,8469,4,22085,7845,22085,6960,7,22085,6959,4,22085,6074,22459,5448,4,22833,4824,23363,4824,5,3,5,1,3355443,0.8,8,12377,14623,7,20224,14623,4,20754,14623,21128,15247,4,21502,15873,21502,16758,7,21502,16759,4,21502,17644,21128,18268,4,20754,18894,20224,18894,7,12377,18894,4,11847,18894,11473,18268,4,11099,17644,11099,16759,7,11099,16758,4,11099,15873,11473,15247,4,11847,14623,12377,14623,5,3,5,1,3355443,0.8,8,12377,9731,7,20224,9731,4,20754,9731,21128,10355,4,21502,10981,21502,11866,7,21502,11867,4,21502,12752,21128,13376,4,20754,14002,20224,14002,7,12377,14002,4,11847,14002,11473,13376,4,11099,12752,11099,11867,7,11099,11866,4,11099,10981,11473,10355,4,11847,9731,12377,9731,5,3,5,1,3355443,0.8,8,23363,9731,7,31210,9731,4,31740,9731,32114,10355,4,32488,10981,32488,11866,7,32488,11867,4,32488,12752,32114,13376,4,31740,14002,31210,14002,7,23363,14002,4,22833,14002,22459,13376,4,22085,12752,22085,11867,7,22085,11866,4,22085,10981,22459,10355,4,22833,9731,23363,9731,5,3,5,1,3355443,0.8,8,23363,14623,7,31210,14623,4,31740,14623,32114,15247,4,32488,15873,32488,16758,7,32488,16759,4,32488,17644,32114,18268,4,31740,18894,31210,18894,7,23363,18894,4,22833,18894,22459,18268,4,22085,17644,22085,16759,7,22085,16758,4,22085,15873,22459,15247,4,22833,14623,23363,14623,5,3,5,1,3355443,0.8,8,1278,14623,7,9125,14623,4,9655,14623,10029,15247,4,10403,15873,10403,16758,7,10403,16759,4,10403,17644,10029,18268,4,9655,18894,9125,18894,7,1278,18894,4,748,18894,374,18268,4,0,17644,0,16759,7,0,16758,4,0,15873,374,15247,4,748,14623,1278,14623,5,3,5,1,3355443,0.8,8,1278,9731,7,9125,9731,4,9655,9731,10029,10355,4,10403,10981,10403,11866,7,10403,11867,4,10403,12752,10029,13376,4,9655,14002,9125,14002,7,1278,14002,4,748,14002,374,13376,4,0,12752,0,11867,7,0,11866,4,0,10981,374,10355,4,748,9731,1278,9731,5,3,5,1,3355443,0.8,8,12377,0,7,20224,0,4,20754,0,21128,624,4,21502,1250,21502,2135,7,21502,2136,4,21502,3021,21128,3645,4,20754,4271,20224,4271,7,12377,4271,4,11847,4271,11473,3645,4,11099,3021,11099,2136,7,11099,2135,4,11099,1250,11473,624,4,11847,0,12377,0,5]},{"hitState":{"type":5,"frames":[{"objects":[{"type":0,"depth":0,"symbol":19,"clipDepth":0,"id":0,"visible":true,"colorTransform":[20,20,20,20,0,0,0,0],"matrix":[1,0,0,1,0,0]},{"type":0,"depth":1,"symbol":17,"clipDepth":0,"id":1,"visible":true,"colorTransform":[20,20,20,20,0,0,0,0],"matrix":[1,0,0,1,11316,389]},{"type":0,"depth":2,"symbol":27,"clipDepth":0,"id":2,"visible":true,"colorTransform":[20,20,20,20,0,0,0,0],"matrix":[1,0,0,1,84,-87]}]}]},"type":1,"upState":{"type":5,"frames":[{"objects":[{"type":0,"depth":0,"symbol":14,"clipDepth":0,"id":0,"visible":true,"colorTransform":[20,20,20,20,0,0,0,0],"matrix":[1,0,0,1,330,95]},{"type":0,"depth":1,"symbol":27,"clipDepth":0,"id":1,"visible":true,"colorTransform":[20,20,20,20,0,0,0,0],"matrix":[1,0,0,1,0,0]}]}]},"overState":{"type":5,"frames":[{"objects":[{"type":0,"depth":0,"symbol":14,"clipDepth":0,"id":0,"visible":true,"colorTransform":[20,20,20,20,0,0,0,0],"matrix":[1,0,0,1,6593,1906]},{"type":0,"depth":1,"symbol":18,"clipDepth":0,"id":1,"visible":true,"colorTransform":[20,20,20,20,0,0,0,0],"matrix":[1,0,0,1,566,19]},{"type":0,"depth":2,"symbol":27,"clipDepth":0,"id":2,"visible":true,"colorTransform":[20,20,20,20,0,0,0,0],"matrix":[1,0,0,1,4,-4]}]}]},"id":28,"downState":{"type":5,"frames":[{"objects":[{"type":0,"depth":0,"symbol":20,"clipDepth":0,"id":0,"visible":true,"colorTransform":[20,20,20,20,0,0,0,0],"matrix":[1,0,0,1,0,0]},{"type":0,"depth":1,"symbol":18,"clipDepth":0,"id":1,"visible":true,"colorTransform":[20,20,20,20,0,0,0,0],"matrix":[1,0,0,1,11316,389]},{"type":0,"depth":2,"symbol":27,"clipDepth":0,"id":2,"visible":true,"colorTransform":[20,20,20,20,0,0,0,0],"matrix":[1,0,0,1,1683,-1743]}]}]}},{"selectable":false,"html":true,"password":false,"color":-1,"fontName":"ARCO Typography","rect":[-40,2291,10480,2475],"text":"<p align=\"center\"><font face=\"ARCO Typography\" size=\"90\" color=\"#ffffff\" letterSpacing=\"-1.00\" kerning=\"1\">Back</font></p>","type":2,"border":false,"leftMargin":0,"fontID":25,"id":27,"wordWrap":false,"leading":40,"indent":0,"multiline":false,"align":"center","rightMargin":0,"fontHeight":1800,"input":false},{"selectable":false,"html":true,"password":false,"color":-16777216,"fontName":"ARCO Typography","rect":[-13278,-40,48686,4580],"text":"<p align=\"center\"><font face=\"ARCO Typography\" size=\"200\" color=\"#000000\" letterSpacing=\"-1.00\" kerning=\"1\">Levels</font></p>","type":2,"border":false,"leftMargin":0,"fontID":25,"id":26,"wordWrap":false,"leading":40,"indent":0,"multiline":false,"align":"center","rightMargin":0,"fontHeight":4000,"input":false},{"bold":false,"ascent":21527,"name":"ARCO Typography","codes":[32,33,34,35,36,37,38,39,40,41,42,43,44,45,46,47,48,49,50,51,52,53,54,55,56,57,58,59,60,61,62,63,64,65,66,67,68,69,70,71,72,73,74,75,76,77,78,79,80,81,82,83,84,85,86,87,88,89,90,91,92,93,94,95,96,97,98,99,100,101,102,103,104,105,106,107,108,109,110,111,112,113,114,115,116,117,118,119,120,121,122,123,124,125,160],"type":3,"id":25,"italic":false,"leading":455,"descent":1513,"glyphs":[[],null,null,null,null,null,null,null,null,null,null,null,null,null,null,null,null,[3,5,1,16777215,1,8,9650,-500,4,9880,-800,10060,-2450,4,10240,-4110,10330,-6260,4,10420,-8420,10400,-10640,4,10380,-12870,10230,-14310,4,10170,-14820,9420,-15060,4,8660,-15300,7700,-15330,4,6740,-15360,5820,-15220,4,4890,-15080,4500,-14830,4,2340,-13490,1160,-12530,4,-30,-11580,0,-11190,4,70,-10330,880,-8890,4,1680,-7450,2130,-7460,4,2300,-7430,2970,-7660,4,3630,-7890,4280,-8160,4,4380,-5490,4450,-2960,4,4520,-440,4900,-280,4,5680,50,7560,-20,4,9440,-100,9650,-500,5],[3,5,1,16777215,1,8,320,-260,4,620,-130,2300,-70,4,3980,-10,5910,-10,4,7840,-10,9450,-70,4,11060,-130,11210,-270,4,11480,-510,11550,-1210,4,11610,-1920,11510,-2670,4,11400,-3420,11140,-4010,4,10870,-4610,10480,-4630,4,10070,-4680,8800,-4630,7,6260,-4550,4,7070,-5360,8680,-5850,4,10290,-6350,11140,-7860,4,12130,-9620,11320,-11650,4,10510,-13680,8830,-14580,4,7060,-15520,5000,-15230,4,2940,-14940,1500,-13450,4,1050,-12980,490,-11820,4,-70,-10660,320,-10210,4,650,-9820,1080,-9660,4,1500,-9500,1990,-9400,4,2710,-9250,3460,-9240,4,4200,-9230,4480,-9530,4,4620,-9690,4640,-9910,4,4660,-10500,5160,-10610,4,5650,-10720,6070,-10540,4,6490,-10370,6560,-10010,4,6620,-9650,5780,-9320,4,3710,-8500,2190,-7320,4,670,-6150,110,-3800,4,30,-3470,10,-1960,4,-20,-450,320,-260,5],[3,5,1,16777215,1,8,9790,-9010,4,10420,-10090,11130,-12100,4,11840,-14110,11210,-14770,4,10920,-15060,9400,-15210,4,7870,-15370,6100,-15390,4,4330,-15420,2820,-15300,4,1300,-15190,1040,-14950,4,710,-14640,630,-13940,4,550,-13250,690,-12520,4,820,-11790,1150,-11210,4,1470,-10640,1950,-10590,4,2690,-10510,4590,-10480,4,3960,-9810,3830,-9280,4,3700,-8750,3710,-8520,4,3740,-7520,4960,-6840,4,6180,-6160,6360,-5620,4,6520,-5130,5560,-4860,4,4590,-4600,4550,-5380,4,4530,-5610,4380,-5770,4,4210,-5930,3430,-5840,4,2650,-5750,1830,-5460,4,1010,-5180,430,-4750,4,-160,-4320,50,-3810,4,1270,-930,4220,-180,4,5350,90,6660,-60,4,7970,-210,8960,-720,4,9950,-1220,10680,-2060,4,11400,-2900,11680,-4010,4,12500,-7210,9790,-9010,5],[3,5,1,16777215,1,8,6820,-7520,4,6790,-7460,6030,-7470,4,5260,-7480,5260,-7660,4,5260,-7910,5820,-8480,4,6380,-9060,6640,-9140,4,6760,-9220,6840,-8440,4,6910,-7670,6820,-7520,8,12960,-8310,4,12690,-8530,10860,-8610,4,10880,-10250,10850,-11760,4,10810,-13280,10710,-14330,4,10660,-14800,9980,-15030,4,9290,-15270,8420,-15280,4,7540,-15290,6680,-15090,4,5820,-14890,5420,-14500,4,4270,-13390,2580,-11540,4,890,-9690,190,-8070,4,-130,-7310,80,-5650,4,280,-3990,670,-3660,4,790,-3540,2140,-3540,4,3480,-3550,5280,-3520,4,5370,-2170,5510,-1270,4,5650,-370,5860,-280,4,6570,50,8280,-20,4,9980,-100,10180,-490,4,10320,-690,10440,-1530,4,10560,-2370,10650,-3600,4,12700,-3720,12840,-4030,4,13140,-4720,13220,-6410,4,13290,-8110,12960,-8310,5],[3,5,1,16777215,1,8,10450,-14910,4,10220,-15120,8840,-15220,4,7460,-15320,5860,-15310,4,4260,-15310,2900,-15210,4,1540,-15110,1360,-14930,4,860,-14450,940,-12150,4,1010,-9850,1350,-8250,4,1500,-7530,1870,-7140,4,2240,-6760,3440,-6700,4,4200,-6650,4800,-6680,4,5670,-6680,6060,-6310,4,6440,-5940,6460,-5530,4,6470,-5120,6180,-4830,4,5890,-4550,5420,-4740,4,5130,-4840,5020,-5130,4,4980,-5200,4970,-5270,4,4800,-6090,3170,-6000,4,1530,-5920,850,-5570,4,-150,-5060,30,-4190,4,500,-1990,2420,-880,4,4330,220,6500,-60,4,8510,-330,10030,-1800,4,11540,-3280,11510,-5510,4,11590,-7550,10110,-9010,4,8630,-10480,7310,-10600,4,8420,-10620,9390,-10690,4,10360,-10770,10420,-10950,4,10620,-11610,10670,-13170,4,10710,-14740,10450,-14910,5],[3,5,1,16777215,1,8,430,-3760,4,950,-2180,2360,-1140,4,3320,-430,4500,-170,4,5680,90,6870,-60,4,8880,-330,10360,-1800,4,11830,-3280,11750,-5520,4,11690,-7140,10600,-8540,4,9500,-9940,8090,-10380,4,8570,-10690,9030,-10830,4,9490,-10980,9920,-11130,4,10130,-11200,10080,-11920,4,10030,-12640,9770,-13440,4,9500,-14250,9030,-14860,4,8560,-15480,7930,-15350,4,5200,-14700,3510,-13340,4,1810,-11990,960,-10330,4,110,-8680,30,-6930,4,-60,-5180,430,-3760,8,5560,-6400,4,6000,-6580,6330,-6270,4,6660,-5970,6700,-5550,4,6750,-4740,6080,-4680,4,5390,-4610,5160,-5380,4,4930,-6150,5560,-6400,5],[3,5,1,16777215,1,8,8300,-250,4,8490,-440,9170,-2690,4,9850,-4940,10480,-7600,4,11110,-10260,11420,-12510,4,11730,-14760,11190,-14950,4,10700,-15110,8980,-15210,4,7260,-15320,5370,-15310,4,3480,-15300,1950,-15140,4,410,-14990,290,-14650,4,150,-14250,80,-13410,4,0,-12570,0,-11690,4,0,-10820,100,-10110,4,190,-9410,400,-9300,4,630,-9120,1690,-9010,4,2740,-8910,4210,-8900,4,3660,-5930,3200,-3120,4,2740,-320,3130,-200,4,3500,-90,4310,-40,4,5110,0,5960,0,4,6800,-10,7490,-70,4,8170,-140,8300,-250,5],[3,5,1,16777215,1,8,7210,-70,4,9430,-340,11080,-1840,4,12720,-3340,12630,-5620,4,12570,-7160,11470,-8560,4,11980,-9550,11940,-10720,4,11880,-12220,10780,-13510,4,9680,-14800,8260,-15210,4,4870,-16050,2950,-14700,4,1020,-13350,610,-11400,4,260,-9740,970,-8380,4,350,-7460,120,-6370,4,-510,-3310,1750,-1490,4,4010,320,7210,-70,8,5750,-6180,4,6220,-6410,6600,-6160,4,6980,-5910,7020,-5480,4,7090,-4660,6330,-4600,4,5570,-4520,5380,-5200,4,5190,-5890,5750,-6180,8,5800,-11110,4,6240,-11280,6580,-11080,4,6910,-10880,6940,-10490,4,7010,-9750,6320,-9690,4,5630,-9620,5460,-10260,4,5290,-10900,5800,-11110,5],[3,5,1,16777215,1,8,11170,-12230,4,10390,-13760,8900,-14540,4,7400,-15320,5690,-15260,4,3640,-15190,1950,-13860,4,260,-12540,30,-10320,4,-180,-8200,1120,-6520,4,2410,-4850,4480,-4550,4,4290,-4240,3600,-4040,4,2900,-3840,2640,-3770,4,2260,-3660,2320,-3040,4,2370,-2420,2730,-1720,4,3080,-1020,3660,-480,4,4230,50,4890,-10,4,7000,-590,8570,-1930,4,10130,-3270,10990,-4990,4,11850,-6710,11940,-8610,4,12020,-10520,11170,-12230,8,6100,-8810,4,5620,-8670,5340,-9000,4,5050,-9340,5080,-9780,4,5130,-10580,5820,-10580,4,6510,-10580,6630,-9780,4,6750,-8990,6100,-8810,5],null,null,null,null,null,null,null,null,null,null,null,null,null,null,null,null,null,null,null,null,null,null,null,null,null,null,[3,5,1,16777215,1,8,10280,-490,4,10570,-870,10750,-3480,4,10930,-6100,10960,-8920,7,12850,-9010,4,13690,-9070,14070,-9130,4,14480,-9160,14770,-10100,4,15050,-11040,15110,-12160,4,15170,-13280,14960,-14220,4,14750,-15160,14180,-15200,4,12740,-15290,10500,-15310,4,8260,-15340,6090,-15280,4,3920,-15230,2250,-15090,4,580,-14950,290,-14720,4,90,-14610,40,-13890,4,-20,-13180,20,-12290,4,60,-11410,190,-10560,4,320,-9720,510,-9340,4,620,-9100,1690,-8970,4,2760,-8850,4240,-8820,4,4410,-5990,4740,-3220,4,5060,-460,5470,-280,4,5860,-110,6620,-50,4,7380,10,8160,-20,4,8930,-50,9550,-170,4,10170,-290,10280,-490,5],null,null,null,null,null,null,null,null,null,null,null,null,[3,5,1,16777215,1,8,6680,-9160,4,7070,-9580,7730,-8470,4,8390,-7370,8330,-7060,4,8230,-6550,7090,-6500,4,5940,-6460,5790,-6900,4,5700,-7160,6030,-7980,4,6350,-8810,6680,-9160,8,200,-340,4,410,-80,1940,-30,4,3460,10,3870,-80,4,4050,-120,4140,-230,4,4320,-410,4700,-1180,4,5080,-1950,5380,-2580,4,5610,-3070,6380,-3090,4,7200,-3080,8020,-3080,4,8330,-3040,8520,-2810,4,8840,-2420,9180,-1370,4,9510,-330,9870,-110,4,9980,-40,10110,-20,4,10440,20,11750,-50,4,13050,-130,13930,-280,4,14450,-370,14660,-600,4,14870,-840,14740,-1440,4,14550,-2260,13970,-4240,4,13390,-6220,12660,-8370,4,11930,-10530,11170,-12360,4,10400,-14190,9840,-14730,4,9450,-15090,8470,-15180,4,7490,-15280,6430,-15190,4,5370,-15100,4500,-14860,4,3620,-14630,3440,-14340,4,2990,-13590,2390,-11750,4,1780,-9910,1240,-7800,4,700,-5700,340,-3750,4,-20,-1800,0,-830,4,10,-540,200,-340,5],null,null,null,[3,5,1,16777215,1,8,6390,-5320,7,6390,-5610,7,6390,-5910,7,7560,-5970,4,8080,-6020,8280,-6080,4,8560,-6120,8630,-6670,4,8700,-7220,8640,-7860,4,8570,-8510,8410,-9050,4,8240,-9600,8070,-9650,4,7360,-9800,6230,-9820,7,6210,-10100,4,6200,-10260,6200,-10380,7,9230,-10520,4,10520,-10610,10630,-10970,4,10850,-11740,10820,-13250,4,10780,-14770,10510,-14990,4,10290,-15210,8800,-15290,4,7310,-15380,5560,-15350,4,3810,-15330,2300,-15220,4,790,-15110,540,-14960,4,290,-14810,170,-14210,4,50,-13620,50,-12900,4,-10,-11590,10,-9500,4,30,-7420,140,-5410,4,250,-3410,450,-1910,4,640,-420,940,-300,4,1450,-80,3130,-30,4,4810,20,6640,-50,4,8470,-130,9940,-340,4,11410,-550,11510,-870,4,11730,-1630,11610,-3320,4,11480,-5010,11210,-5230,4,10960,-5500,9550,-5420,4,8140,-5340,6390,-5320,5],null,null,null,[3,5,1,16777215,1,8,6590,-500,4,6810,-800,6990,-2480,4,7170,-4160,7260,-6350,4,7350,-8540,7340,-10790,4,7320,-13040,7160,-14480,4,7100,-14990,6060,-15230,4,5010,-15470,3760,-15430,4,2500,-15400,1450,-15080,4,390,-14770,320,-14160,4,230,-13420,330,-11210,4,430,-9010,650,-6630,4,870,-4250,1180,-2340,4,1490,-430,1840,-280,4,2620,50,4500,-20,4,6380,-100,6590,-500,5],null,null,[3,5,1,16777215,1,8,6100,-14750,4,6060,-15040,5140,-15200,4,4210,-15360,3110,-15350,4,2010,-15350,1080,-15160,4,150,-14970,110,-14560,4,30,-13870,20,-11740,4,0,-9610,70,-7250,4,130,-4890,320,-2920,4,500,-950,840,-590,4,1180,-230,2630,-110,4,4080,10,5780,-10,4,7480,-30,9010,-140,4,10530,-260,11040,-390,4,11380,-470,11500,-1370,4,11620,-2280,11560,-3350,4,11490,-4430,11270,-5350,4,11040,-6280,10680,-6400,4,10430,-6480,9750,-6430,7,8340,-6350,4,7600,-6310,7010,-6330,4,6410,-6360,6340,-6590,4,6290,-6730,6270,-7840,4,6240,-8960,6220,-10340,7,6180,-13000,4,6150,-14280,6100,-14750,5],null,[3,5,1,16777215,1,8,14490,-500,4,14600,-780,14700,-2470,4,14800,-4170,14840,-6390,4,14870,-8610,14840,-10900,4,14800,-13190,14650,-14660,4,14600,-15030,13700,-15210,4,12790,-15390,11720,-15350,4,10640,-15320,9740,-15070,4,8840,-14820,8820,-14340,4,8780,-13950,8820,-13120,4,8850,-12300,8880,-11230,4,8410,-11920,7380,-13260,4,6340,-14600,5650,-14910,4,5180,-15110,4310,-15210,4,3430,-15310,2570,-15280,4,1700,-15260,1040,-15100,4,370,-14950,330,-14660,4,100,-13220,40,-10940,4,-20,-8660,40,-6440,4,90,-4220,250,-2510,4,400,-800,620,-500,4,810,-100,2620,-20,4,4420,60,5160,-280,4,5410,-400,5570,-1670,4,5730,-2950,5880,-4730,4,6030,-4520,6590,-3850,4,7150,-3180,7830,-2420,4,8510,-1670,9160,-1020,4,9810,-380,10150,-230,4,10390,-120,11060,-60,4,11720,0,12450,-20,4,13170,-40,13770,-150,4,14370,-260,14490,-500,5],[3,5,1,16777215,1,8,9550,-7420,4,9440,-6770,8980,-6300,4,8520,-5830,7830,-5760,4,6830,-5640,6150,-6350,4,5470,-7070,5630,-8000,4,5750,-8770,6390,-9270,4,7030,-9780,7870,-9640,4,8760,-9490,9230,-8880,4,9690,-8280,9550,-7420,8,15290,-6570,4,15860,-10080,13810,-12570,4,11750,-15060,8050,-15380,4,4980,-15650,2670,-13690,4,350,-11740,-120,-8860,4,-620,-5760,1240,-3210,4,3100,-660,6340,-120,4,9700,440,12240,-1490,4,14770,-3420,15290,-6570,5],null,null,[3,5,1,16777215,1,8,5730,-8320,4,4900,-8230,4730,-9590,4,4550,-10960,5370,-11050,4,6370,-11160,6850,-10780,4,7320,-10400,7330,-9880,4,7330,-9360,6910,-8880,4,6490,-8400,5730,-8320,8,10760,-6420,4,12310,-7710,11900,-10630,4,11580,-12820,10150,-13950,4,8710,-15090,6900,-15450,4,5080,-15820,3250,-15550,4,1420,-15280,330,-14670,4,30,-14500,20,-12340,4,0,-10180,130,-7600,4,260,-5020,490,-2810,4,720,-600,920,-330,4,1060,-110,1290,-70,4,1620,0,2860,-10,4,4090,-20,5050,-120,4,5890,-210,6030,-590,4,6170,-970,6160,-1690,4,6220,-2110,6960,-1880,4,7720,-1620,8970,-810,4,10210,-10,10860,-140,4,11010,-140,11410,-570,4,11810,-1000,12240,-1570,4,12670,-2140,13000,-2710,4,13330,-3280,13330,-3570,4,13320,-3970,12550,-4770,4,11780,-5570,10760,-6420,5],null,[3,5,1,16777215,1,8,10280,-490,4,10570,-870,10750,-3480,4,10930,-6100,10960,-8920,7,12850,-9010,4,13690,-9070,14070,-9130,4,14480,-9160,14770,-10100,4,15050,-11040,15110,-12160,4,15170,-13280,14960,-14220,4,14750,-15160,14180,-15200,4,12740,-15290,10500,-15310,4,8260,-15340,6090,-15280,4,3920,-15230,2250,-15090,4,580,-14950,290,-14720,4,90,-14610,40,-13890,4,-20,-13180,20,-12290,4,60,-11410,190,-10560,4,320,-9720,510,-9340,4,620,-9100,1690,-8970,4,2760,-8850,4240,-8820,4,4410,-5990,4740,-3220,4,5060,-460,5470,-280,4,5860,-110,6620,-50,4,7380,10,8160,-20,4,8930,-50,9550,-170,4,10170,-290,10280,-490,5],[3,5,1,16777215,1,8,9830,-14480,4,9780,-13770,9830,-12300,4,9870,-10830,9740,-9370,4,9600,-7920,9160,-6860,4,8710,-5810,7690,-5930,4,6750,-6030,6390,-7090,4,6020,-8160,5970,-9550,4,5910,-10950,6020,-12350,4,6130,-13760,6150,-14540,4,6150,-14810,5410,-14980,4,4660,-15160,3710,-15210,4,2750,-15260,1860,-15170,4,970,-15080,690,-14810,4,360,-14480,190,-13230,4,20,-11990,10,-10470,4,0,-8950,130,-7470,4,250,-5990,540,-5200,4,1410,-2770,3670,-1300,4,5930,160,8550,-20,4,10630,-180,12250,-1340,4,13860,-2500,14700,-4340,4,15090,-5200,15310,-6680,4,15520,-8160,15580,-9700,4,15630,-11240,15550,-12550,4,15460,-13860,15250,-14390,4,15100,-14750,14250,-14910,4,13390,-15070,12420,-15060,4,11440,-15060,10640,-14900,4,9840,-14750,9830,-14480,5],[3,5,1,16777215,1,8,8170,-8840,4,7430,-10360,6670,-11960,4,5910,-13570,5080,-14980,4,4820,-15410,3860,-15250,4,2890,-15100,1880,-14630,4,870,-14160,140,-13500,4,-600,-12840,-410,-12270,4,-110,-11380,790,-9440,4,1680,-7510,2730,-5510,4,3770,-3510,4720,-1930,4,5670,-350,6080,-170,4,6260,-90,6910,-40,4,7550,0,8290,0,4,9020,0,9660,-40,4,10300,-80,10480,-170,4,10890,-360,11830,-2020,4,12770,-3680,13770,-5730,4,14770,-7780,15610,-9680,4,16450,-11590,16660,-12270,4,16830,-12840,16080,-13500,4,15320,-14160,14300,-14630,4,13270,-15100,12300,-15250,4,11330,-15410,11080,-14980,4,10470,-13940,9690,-12240,4,8910,-10540,8170,-8840,5]],"advances":[7200,null,null,null,null,null,null,null,null,null,null,null,null,null,null,null,null,10940,12730,13120,13950,12160,12420,12310,13350,12620,null,null,null,null,null,null,null,null,null,null,null,null,null,null,null,null,null,null,null,null,null,null,null,null,null,null,15920,null,null,null,null,null,null,null,null,null,null,null,null,14700,null,null,null,12310,null,null,null,8300,null,null,12200,null,15610,16400,null,null,13990,null,15920,16410,16600]},{"type":5,"className":"Login","baseClassName":null,"id":24,"frames":[{"objects":[{"name":null,"type":0,"depth":1,"symbol":23,"clipDepth":0,"id":0,"matrix":[1,0,0,1,0,0]}]}]},{"type":4,"id":23,"commands":[3,5,1,6737100,1,8,0,0,7,48600,0,7,48600,30720,7,0,30720,7,0,0,5]},{"type":5,"className":"TitleCard","baseClassName":null,"id":22,"frames":[{"objects":[{"name":"background","type":0,"depth":1,"symbol":3,"clipDepth":0,"id":0,"matrix":[1.28312683105469,0,0,1.0546875,-31193,-17130]},{"name":null,"type":0,"depth":4,"symbol":12,"clipDepth":0,"id":1,"matrix":[1.46488952636719,0,0,1.46488952636719,-37946,-17107]},{"name":"btnPlay","type":0,"depth":11,"symbol":21,"clipDepth":0,"id":2,"matrix":[1.40606689453125,0,0,1.40606689453125,0,2455]}]}]},{"hitState":{"type":5,"frames":[{"objects":[{"type":0,"depth":0,"symbol":17,"clipDepth":0,"id":0,"visible":true,"colorTransform":[20,20,20,20,0,0,0,0],"matrix":[1,0,0,1,4689,-1305]},{"type":0,"depth":1,"symbol":19,"clipDepth":0,"id":1,"visible":true,"colorTransform":[20,20,20,20,0,0,0,0],"matrix":[1,0,0,1,-6641,-1720]},{"type":0,"depth":2,"symbol":17,"clipDepth":0,"id":2,"visible":true,"colorTransform":[20,20,20,20,0,0,0,0],"matrix":[1,0,0,1,4689,-1305]},{"type":0,"depth":3,"symbol":16,"clipDepth":0,"id":3,"visible":true,"colorTransform":[20,20,20,20,0,0,0,0],"matrix":[1.508056640625,0,0,1.508056640625,-268,-91]}]}]},"type":1,"upState":{"type":5,"frames":[{"objects":[{"type":0,"depth":0,"symbol":14,"clipDepth":0,"id":0,"visible":true,"colorTransform":[20,20,20,20,0,0,0,0],"matrix":[1,0,0,1,-2,8]},{"type":0,"depth":1,"symbol":16,"clipDepth":0,"id":1,"visible":true,"colorTransform":[20,20,20,20,0,0,0,0],"matrix":[1.508056640625,0,0,1.508056640625,-1,0]}]}]},"overState":{"type":5,"frames":[{"objects":[{"type":0,"depth":0,"symbol":14,"clipDepth":0,"id":0,"visible":true,"colorTransform":[20,20,20,20,0,0,0,0],"matrix":[1,0,0,1,-48,160]},{"type":0,"depth":1,"symbol":18,"clipDepth":0,"id":1,"visible":true,"colorTransform":[20,20,20,20,0,0,0,0],"matrix":[1,0,0,1,234,-65]},{"type":0,"depth":2,"symbol":16,"clipDepth":0,"id":2,"visible":true,"colorTransform":[20,20,20,20,0,0,0,0],"matrix":[1.508056640625,0,0,1.508056640625,-13,-5]}]}]},"id":21,"downState":{"type":5,"frames":[{"objects":[{"type":0,"depth":0,"symbol":18,"clipDepth":0,"id":0,"visible":true,"colorTransform":[20,20,20,20,0,0,0,0],"matrix":[1,0,0,1,4689,-1305]},{"type":0,"depth":1,"symbol":20,"clipDepth":0,"id":1,"visible":true,"colorTransform":[20,20,20,20,0,0,0,0],"matrix":[1,0,0,1,-6641,-1720]},{"type":0,"depth":2,"symbol":18,"clipDepth":0,"id":2,"visible":true,"colorTransform":[20,20,20,20,0,0,0,0],"matrix":[1,0,0,1,4689,-1305]},{"type":0,"depth":3,"symbol":16,"clipDepth":0,"id":3,"visible":true,"colorTransform":[20,20,20,20,0,0,0,0],"matrix":[1.508056640625,0,0,1.508056640625,-5360,-1826]}]}]}},{"type":5,"id":20,"frames":[{"objects":[{"name":null,"type":0,"depth":1,"symbol":19,"clipDepth":0,"id":0,"matrix":[1,0,0,1,0,0]}]}]},{"type":4,"id":19,"commands":[3,5,1,26265,1,8,1545,0,7,11748,0,4,12388,0,12841,460,4,13293,920,13293,1571,7,13293,1961,4,13293,2612,12841,3072,4,12388,3532,11748,3532,7,1545,3532,4,905,3532,452,3072,4,0,2612,0,1961,7,0,1571,4,0,920,452,460,4,905,0,1545,0,5]},{"type":5,"id":18,"frames":[{"objects":[{"name":null,"type":0,"depth":1,"symbol":17,"clipDepth":0,"id":0,"matrix":[1,0,0,1,0,0]}]}]},{"type":4,"id":17,"commands":[3,5,1,16777215,1,8,1444,1447,4,887,1729,793,801,4,772,587,584,597,4,22,639,1,243,4,-14,-45,334,8,4,1517,184,1444,1447,8,-10468,1213,4,-10337,1427,-10264,1676,4,-10239,1762,-10180,1834,4,-9919,2151,-9520,2244,4,-9183,2325,-8833,2301,4,-8437,2279,-8052,2364,4,-7956,2382,-7914,2470,4,-7850,2603,-7954,2714,4,-8086,2854,-8312,2813,4,-8426,2791,-8544,2793,7,-9281,2761,4,-9639,2729,-9991,2661,4,-10252,2606,-10485,2480,4,-10787,2316,-10836,1972,4,-10885,1631,-10794,1311,4,-10762,1201,-10648,1177,4,-10551,1161,-10468,1213,5]},{"selectable":false,"html":true,"password":false,"color":-1,"fontName":"_sans","rect":[-40,-40,7199,2269],"text":"<p align=\"center\"><font face=\"_sans\" size=\"90\" color=\"#ffffff\" letterSpacing=\"-1.00\" kerning=\"1\">PLAY</font></p>","type":2,"border":false,"leftMargin":0,"fontID":15,"id":16,"wordWrap":false,"leading":40,"indent":0,"multiline":false,"align":"center","rightMargin":0,"fontHeight":1800,"input":false},{"type":5,"id":14,"frames":[{"objects":[{"name":null,"type":0,"depth":1,"symbol":13,"clipDepth":0,"id":0,"matrix":[1,0,0,1,0,0]}]}]},{"type":5,"className":"Help","baseClassName":null,"id":70,"frames":[{"objects":[{"name":null,"type":0,"depth":1,"symbol":23,"clipDepth":0,"id":0,"matrix":[1,0,0,1,0,0]},{"name":null,"type":0,"depth":2,"symbol":68,"clipDepth":0,"id":1,"matrix":[1,0,0,1,-9904,8621]},{"name":null,"type":0,"depth":4,"symbol":69,"clipDepth":0,"id":2,"matrix":[1,0,0,1,33705,16615]},{"name":null,"type":0,"depth":5,"symbol":28,"clipDepth":0,"id":3,"matrix":[1,0,0,1,18647,26577]}]}]},{"selectable":false,"html":true,"password":false,"color":-16777216,"fontName":"MV Boli","rect":[-30435,-9761,42059,19118],"text":"<p align=\"center\"><font face=\"MV Boli\" size=\"90\" color=\"#000000\" letterSpacing=\"-1.00\" kerning=\"1\">*on mettra le texte ici*</font></p>","type":2,"border":false,"leftMargin":0,"fontID":54,"id":69,"wordWrap":false,"leading":40,"indent":0,"multiline":false,"align":"center","rightMargin":0,"fontHeight":1800,"input":false},{"type":4,"id":13,"commands":[3,5,1,26214,1,8,-4953,-1906,7,5061,-1906,4,5740,-1906,6220,-1426,4,6701,-945,6701,-266,7,6701,-14,4,6701,665,6220,1145,4,5740,1626,5061,1626,7,-4953,1626,4,-5632,1626,-6113,1145,4,-6593,665,-6593,-14,7,-6593,-266,4,-6593,-945,-6113,-1426,4,-5632,-1906,-4953,-1906,5]},{"type":5,"id":68,"frames":[{"objects":[{"name":null,"type":0,"depth":1,"symbol":67,"clipDepth":0,"id":0,"matrix":[1,0,0,1,27876,-6307]}]}]},{"type":5,"id":12,"frames":[{"objects":[{"name":null,"type":0,"depth":1,"symbol":6,"clipDepth":0,"id":0,"colorTransform":[20,20,20,0,0,0,0,0],"matrix":[1,0,0,1,10200,0]},{"name":null,"type":0,"depth":3,"symbol":7,"clipDepth":5,"id":1,"matrix":[1,0,0,1,0,0]},{"name":null,"type":0,"depth":4,"symbol":9,"clipDepth":0,"id":2,"colorTransform":[10,10,10,20,1020,2040,2560,0],"matrix":[1,0,0,1,25250,9441]},{"name":null,"type":0,"depth":6,"symbol":11,"clipDepth":0,"id":3,"matrix":[1,0,0,1,3483,9000]}]},{"objects":[{"name":null,"type":1,"depth":6,"symbol":11,"clipDepth":0,"id":3,"matrix":[1,0,0,1,3781,9000]}]},{"objects":[{"name":null,"type":1,"depth":6,"symbol":11,"clipDepth":0,"id":3,"matrix":[1,0,0,1,4079,9000]}]},{"objects":[{"name":null,"type":1,"depth":6,"symbol":11,"clipDepth":0,"id":3,"matrix":[1,0,0,1,4377,9000]}]},{"objects":[{"name":null,"type":1,"depth":6,"symbol":11,"clipDepth":0,"id":3,"matrix":[1,0,0,1,4675,9000]}]},{"objects":[{"name":null,"type":1,"depth":6,"symbol":11,"clipDepth":0,"id":3,"matrix":[1,0,0,1,4973,9000]}]},{"objects":[{"name":null,"type":1,"depth":6,"symbol":11,"clipDepth":0,"id":3,"matrix":[1,0,0,1,5271,9000]}]},{"objects":[{"name":null,"type":1,"depth":6,"symbol":11,"clipDepth":0,"id":3,"matrix":[1,0,0,1,5569,9000]}]},{"objects":[{"name":null,"type":1,"depth":6,"symbol":11,"clipDepth":0,"id":3,"matrix":[1,0,0,1,5867,9000]}]},{"objects":[{"name":null,"type":1,"depth":6,"symbol":11,"clipDepth":0,"id":3,"matrix":[1,0,0,1,6165,9000]}]},{"objects":[{"name":null,"type":1,"depth":6,"symbol":11,"clipDepth":0,"id":3,"matrix":[1,0,0,1,6463,9000]}]},{"objects":[{"name":null,"type":1,"depth":6,"symbol":11,"clipDepth":0,"id":3,"matrix":[1,0,0,1,6761,9000]}]},{"objects":[{"name":null,"type":1,"depth":6,"symbol":11,"clipDepth":0,"id":3,"matrix":[1,0,0,1,7060,9000]}]},{"objects":[{"name":null,"type":1,"depth":6,"symbol":11,"clipDepth":0,"id":3,"matrix":[1,0,0,1,7358,9000]}]},{"objects":[{"name":null,"type":1,"depth":6,"symbol":11,"clipDepth":0,"id":3,"matrix":[1,0,0,1,7656,9000]}]},{"objects":[{"name":null,"type":1,"depth":6,"symbol":11,"clipDepth":0,"id":3,"matrix":[1,0,0,1,7954,9000]}]},{"objects":[{"name":null,"type":1,"depth":6,"symbol":11,"clipDepth":0,"id":3,"matrix":[1,0,0,1,8252,9000]}]},{"objects":[{"name":null,"type":1,"depth":6,"symbol":11,"clipDepth":0,"id":3,"matrix":[1,0,0,1,8550,9000]}]},{"objects":[{"name":null,"type":1,"depth":6,"symbol":11,"clipDepth":0,"id":3,"matrix":[1,0,0,1,8848,9000]}]},{"objects":[{"name":null,"type":1,"depth":6,"symbol":11,"clipDepth":0,"id":3,"matrix":[1,0,0,1,9146,9000]}]},{"objects":[{"name":null,"type":1,"depth":6,"symbol":11,"clipDepth":0,"id":3,"matrix":[1,0,0,1,9444,9000]}]},{"objects":[{"name":null,"type":1,"depth":6,"symbol":11,"clipDepth":0,"id":3,"matrix":[1,0,0,1,9742,9000]}]},{"objects":[{"name":null,"type":1,"depth":6,"symbol":11,"clipDepth":0,"id":3,"matrix":[1,0,0,1,10040,9000]}]},{"objects":[{"name":null,"type":1,"depth":6,"symbol":11,"clipDepth":0,"id":3,"matrix":[1,0,0,1,10338,9000]}]},{"objects":[{"name":null,"type":1,"depth":6,"symbol":11,"clipDepth":0,"id":3,"matrix":[1,0,0,1,10636,9000]}]},{"objects":[{"name":null,"type":1,"depth":6,"symbol":11,"clipDepth":0,"id":3,"matrix":[1,0,0,1,10934,9000]}]},{"objects":[{"name":null,"type":1,"depth":6,"symbol":11,"clipDepth":0,"id":3,"matrix":[1,0,0,1,11232,9000]}]},{"objects":[{"name":null,"type":1,"depth":6,"symbol":11,"clipDepth":0,"id":3,"matrix":[1,0,0,1,11531,9000]}]},{"objects":[{"name":null,"type":1,"depth":6,"symbol":11,"clipDepth":0,"id":3,"matrix":[1,0,0,1,11829,9000]}]},{"objects":[{"name":null,"type":1,"depth":6,"symbol":11,"clipDepth":0,"id":3,"matrix":[1,0,0,1,12127,9000]}]},{"objects":[{"name":null,"type":1,"depth":6,"symbol":11,"clipDepth":0,"id":3,"matrix":[1,0,0,1,12425,9000]}]},{"objects":[{"name":null,"type":1,"depth":6,"symbol":11,"clipDepth":0,"id":3,"matrix":[1,0,0,1,12723,9000]}]},{"objects":[{"name":null,"type":1,"depth":6,"symbol":11,"clipDepth":0,"id":3,"matrix":[1,0,0,1,13021,9000]}]},{"objects":[{"name":null,"type":1,"depth":6,"symbol":11,"clipDepth":0,"id":3,"matrix":[1,0,0,1,13319,9000]}]},{"objects":[{"name":null,"type":1,"depth":6,"symbol":11,"clipDepth":0,"id":3,"matrix":[1,0,0,1,13617,9000]}]},{"objects":[{"name":null,"type":1,"depth":6,"symbol":11,"clipDepth":0,"id":3,"matrix":[1,0,0,1,13915,9000]}]},{"objects":[{"name":null,"type":1,"depth":6,"symbol":11,"clipDepth":0,"id":3,"matrix":[1,0,0,1,14213,9000]}]},{"objects":[{"name":null,"type":1,"depth":6,"symbol":11,"clipDepth":0,"id":3,"matrix":[1,0,0,1,14511,9000]}]},{"objects":[{"name":null,"type":1,"depth":6,"symbol":11,"clipDepth":0,"id":3,"matrix":[1,0,0,1,14809,9000]}]},{"objects":[{"name":null,"type":1,"depth":6,"symbol":11,"clipDepth":0,"id":3,"matrix":[1,0,0,1,15107,9000]}]},{"objects":[{"name":null,"type":1,"depth":6,"symbol":11,"clipDepth":0,"id":3,"matrix":[1,0,0,1,15405,9000]}]},{"objects":[{"name":null,"type":1,"depth":6,"symbol":11,"clipDepth":0,"id":3,"matrix":[1,0,0,1,15703,9000]}]},{"objects":[{"name":null,"type":1,"depth":6,"symbol":11,"clipDepth":0,"id":3,"matrix":[1,0,0,1,16001,9000]}]},{"objects":[{"name":null,"type":1,"depth":6,"symbol":11,"clipDepth":0,"id":3,"matrix":[1,0,0,1,16299,9000]}]},{"objects":[{"name":null,"type":1,"depth":6,"symbol":11,"clipDepth":0,"id":3,"matrix":[1,0,0,1,16598,9000]}]},{"objects":[{"name":null,"type":1,"depth":6,"symbol":11,"clipDepth":0,"id":3,"matrix":[1,0,0,1,16896,9000]}]},{"objects":[{"name":null,"type":1,"depth":6,"symbol":11,"clipDepth":0,"id":3,"matrix":[1,0,0,1,17194,9000]}]},{"objects":[{"name":null,"type":1,"depth":6,"symbol":11,"clipDepth":0,"id":3,"matrix":[1,0,0,1,17492,9000]}]},{"objects":[{"name":null,"type":1,"depth":6,"symbol":11,"clipDepth":0,"id":3,"matrix":[1,0,0,1,17790,9000]}]},{"objects":[{"name":null,"type":1,"depth":6,"symbol":11,"clipDepth":0,"id":3,"matrix":[1,0,0,1,18088,9000]}]},{"objects":[{"name":null,"type":1,"depth":6,"symbol":11,"clipDepth":0,"id":3,"matrix":[1,0,0,1,18386,9000]}]},{"objects":[{"name":null,"type":1,"depth":6,"symbol":11,"clipDepth":0,"id":3,"matrix":[1,0,0,1,18684,9000]}]},{"objects":[{"name":null,"type":1,"depth":6,"symbol":11,"clipDepth":0,"id":3,"matrix":[1,0,0,1,18982,9000]}]},{"objects":[{"name":null,"type":1,"depth":6,"symbol":11,"clipDepth":0,"id":3,"matrix":[1,0,0,1,19280,9000]}]},{"objects":[{"name":null,"type":1,"depth":6,"symbol":11,"clipDepth":0,"id":3,"matrix":[1,0,0,1,19578,9000]}]},{"objects":[{"name":null,"type":1,"depth":6,"symbol":11,"clipDepth":0,"id":3,"matrix":[1,0,0,1,19876,9000]}]},{"objects":[{"name":null,"type":1,"depth":6,"symbol":11,"clipDepth":0,"id":3,"matrix":[1,0,0,1,20174,9000]}]},{"objects":[{"name":null,"type":1,"depth":6,"symbol":11,"clipDepth":0,"id":3,"matrix":[1,0,0,1,20472,9000]}]},{"objects":[{"name":null,"type":1,"depth":6,"symbol":11,"clipDepth":0,"id":3,"matrix":[1,0,0,1,20770,9000]}]},{"objects":[{"name":null,"type":1,"depth":6,"symbol":11,"clipDepth":0,"id":3,"matrix":[1,0,0,1,21068,9000]}]},{"objects":[{"name":null,"type":1,"depth":6,"symbol":11,"clipDepth":0,"id":3,"matrix":[1,0,0,1,21367,9000]}]},{"objects":[{"name":null,"type":1,"depth":6,"symbol":11,"clipDepth":0,"id":3,"matrix":[1,0,0,1,21665,9000]}]},{"objects":[{"name":null,"type":1,"depth":6,"symbol":11,"clipDepth":0,"id":3,"matrix":[1,0,0,1,21963,9000]}]},{"objects":[{"name":null,"type":1,"depth":6,"symbol":11,"clipDepth":0,"id":3,"matrix":[1,0,0,1,22261,9000]}]},{"objects":[{"name":null,"type":1,"depth":6,"symbol":11,"clipDepth":0,"id":3,"matrix":[1,0,0,1,22559,9000]}]},{"objects":[{"name":null,"type":1,"depth":6,"symbol":11,"clipDepth":0,"id":3,"matrix":[1,0,0,1,22857,9000]}]},{"objects":[{"name":null,"type":1,"depth":6,"symbol":11,"clipDepth":0,"id":3,"matrix":[1,0,0,1,23155,9000]}]},{"objects":[{"name":null,"type":1,"depth":6,"symbol":11,"clipDepth":0,"id":3,"matrix":[1,0,0,1,23453,9000]}]},{"objects":[{"name":null,"type":1,"depth":6,"symbol":11,"clipDepth":0,"id":3,"matrix":[1,0,0,1,23751,9000]}]},{"objects":[{"name":null,"type":0,"depth":1,"symbol":5,"clipDepth":0,"id":142,"colorTransform":[20,20,20,0,0,0,0,0],"matrix":[1,0,0,1,25850,9000]},{"name":null,"type":1,"depth":6,"symbol":11,"clipDepth":0,"id":3,"matrix":[1,0,0,1,24049,9000]},{"type":2,"id":0}]},{"objects":[{"name":null,"type":1,"depth":1,"symbol":5,"clipDepth":0,"id":142,"colorTransform":[20,20,20,1,0,0,0,0]},{"name":null,"type":1,"depth":6,"symbol":11,"clipDepth":0,"id":3,"matrix":[1,0,0,1,24347,9000]}]},{"objects":[{"name":null,"type":1,"depth":1,"symbol":5,"clipDepth":0,"id":142,"colorTransform":[20,20,20,1,0,0,0,0]},{"name":null,"type":1,"depth":6,"symbol":11,"clipDepth":0,"id":3,"matrix":[1,0,0,1,24645,9000]}]},{"objects":[{"name":null,"type":1,"depth":1,"symbol":5,"clipDepth":0,"id":142,"colorTransform":[20,20,20,2,0,0,0,0]}]},{"objects":[{"name":null,"type":1,"depth":1,"symbol":5,"clipDepth":0,"id":142,"colorTransform":[20,20,20,2,0,0,0,0]}]},{"objects":[{"name":null,"type":1,"depth":1,"symbol":5,"clipDepth":0,"id":142,"colorTransform":[20,20,20,3,0,0,0,0]}]},{"objects":[{"name":null,"type":1,"depth":1,"symbol":5,"clipDepth":0,"id":142,"colorTransform":[20,20,20,3,0,0,0,0]}]},{"objects":[{"name":null,"type":1,"depth":1,"symbol":5,"clipDepth":0,"id":142,"colorTransform":[20,20,20,4,0,0,0,0]}]},{"objects":[{"name":null,"type":1,"depth":1,"symbol":5,"clipDepth":0,"id":142,"colorTransform":[20,20,20,5,0,0,0,0]}]},{"objects":[{"name":null,"type":1,"depth":1,"symbol":5,"clipDepth":0,"id":142,"colorTransform":[20,20,20,5,0,0,0,0]}]},{"objects":[{"name":null,"type":1,"depth":1,"symbol":5,"clipDepth":0,"id":142,"colorTransform":[20,20,20,6,0,0,0,0]}]},{"objects":[{"name":null,"type":1,"depth":1,"symbol":5,"clipDepth":0,"id":142,"colorTransform":[20,20,20,6,0,0,0,0]}]},{"objects":[{"name":null,"type":1,"depth":1,"symbol":5,"clipDepth":0,"id":142,"colorTransform":[20,20,20,7,0,0,0,0]}]},{"objects":[{"name":null,"type":1,"depth":1,"symbol":5,"clipDepth":0,"id":142,"colorTransform":[20,20,20,7,0,0,0,0]}]},{"objects":[{"name":null,"type":1,"depth":1,"symbol":5,"clipDepth":0,"id":142,"colorTransform":[20,20,20,8,0,0,0,0]}]},{"objects":[{"name":null,"type":1,"depth":1,"symbol":5,"clipDepth":0,"id":142,"colorTransform":[20,20,20,9,0,0,0,0]}]},{"objects":[{"name":null,"type":1,"depth":1,"symbol":5,"clipDepth":0,"id":142,"colorTransform":[20,20,20,9,0,0,0,0]}]},{"objects":[{"name":null,"type":1,"depth":1,"symbol":5,"clipDepth":0,"id":142,"colorTransform":[20,20,20,10,0,0,0,0]}]},{"objects":[{"name":null,"type":1,"depth":1,"symbol":5,"clipDepth":0,"id":142,"colorTransform":[20,20,20,10,0,0,0,0]}]},{"objects":[{"name":null,"type":1,"depth":1,"symbol":5,"clipDepth":0,"id":142,"colorTransform":[20,20,20,11,0,0,0,0]}]},{"objects":[{"name":null,"type":1,"depth":1,"symbol":5,"clipDepth":0,"id":142,"colorTransform":[20,20,20,11,0,0,0,0]}]},{"objects":[{"name":null,"type":1,"depth":1,"symbol":5,"clipDepth":0,"id":142,"colorTransform":[20,20,20,12,0,0,0,0]}]},{"objects":[{"name":null,"type":1,"depth":1,"symbol":5,"clipDepth":0,"id":142,"colorTransform":[20,20,20,13,0,0,0,0]}]},{"objects":[{"name":null,"type":1,"depth":1,"symbol":5,"clipDepth":0,"id":142,"colorTransform":[20,20,20,13,0,0,0,0]}]},{"objects":[{"name":null,"type":1,"depth":1,"symbol":5,"clipDepth":0,"id":142,"colorTransform":[20,20,20,14,0,0,0,0]}]},{"objects":[{"name":null,"type":1,"depth":1,"symbol":5,"clipDepth":0,"id":142,"colorTransform":[20,20,20,14,0,0,0,0]}]},{"objects":[{"name":null,"type":1,"depth":1,"symbol":5,"clipDepth":0,"id":142,"colorTransform":[20,20,20,15,0,0,0,0]}]},{"objects":[{"name":null,"type":1,"depth":1,"symbol":5,"clipDepth":0,"id":142,"colorTransform":[20,20,20,15,0,0,0,0]}]},{"objects":[{"name":null,"type":1,"depth":1,"symbol":5,"clipDepth":0,"id":142,"colorTransform":[20,20,20,16,0,0,0,0]}]},{"objects":[{"name":null,"type":1,"depth":1,"symbol":5,"clipDepth":0,"id":142,"colorTransform":[20,20,20,17,0,0,0,0]}]},{"objects":[{"name":null,"type":1,"depth":1,"symbol":5,"clipDepth":0,"id":142,"colorTransform":[20,20,20,17,0,0,0,0]}]},{"objects":[{"name":null,"type":1,"depth":1,"symbol":5,"clipDepth":0,"id":142,"colorTransform":[20,20,20,18,0,0,0,0]}]},{"objects":[{"name":null,"type":1,"depth":1,"symbol":5,"clipDepth":0,"id":142,"colorTransform":[20,20,20,18,0,0,0,0]}]},{"objects":[{"name":null,"type":1,"depth":1,"symbol":5,"clipDepth":0,"id":142,"colorTransform":[20,20,20,19,0,0,0,0]}]},{"objects":[{"name":null,"type":1,"depth":1,"symbol":5,"clipDepth":0,"id":142,"colorTransform":[20,20,20,20,0,0,0,0]}]},{"objects":[{"name":null,"type":1,"depth":1,"symbol":5,"clipDepth":0,"id":142,"colorTransform":[20,20,20,20,0,0,0,0]}]},{},{},{},{},{},{},{},{},{},{},{},{},{},{},{},{},{},{},{},{},{},{},{},{},{},{},{},{},{},{},{},{},{},{},{},{},{},{},{},{},{},{},{},{},{},{},{},{},{},{},{},{},{},{},{},{},{},{},{},{},{},{},{},{},{"objects":[{"name":null,"type":1,"depth":1,"symbol":5,"clipDepth":0,"id":142,"matrix":[1,0,0,1,26394,9000]}]},{"objects":[{"name":null,"type":1,"depth":1,"symbol":5,"clipDepth":0,"id":142,"matrix":[1,0,0,1,26939,9000]}]},{"objects":[{"name":null,"type":1,"depth":1,"symbol":5,"clipDepth":0,"id":142,"matrix":[1,0,0,1,27483,9000]},{"name":null,"type":1,"depth":6,"symbol":11,"clipDepth":0,"id":3,"colorTransform":[20,20,20,20,0,0,0,0]}]},{"objects":[{"name":null,"type":1,"depth":1,"symbol":5,"clipDepth":0,"id":142,"matrix":[1,0,0,1,28028,9000]},{"name":null,"type":1,"depth":6,"symbol":11,"clipDepth":0,"id":3,"colorTransform":[20,20,20,19,0,0,0,0]}]},{"objects":[{"name":null,"type":1,"depth":1,"symbol":5,"clipDepth":0,"id":142,"matrix":[1,0,0,1,28572,9000]},{"name":null,"type":1,"depth":6,"symbol":11,"clipDepth":0,"id":3,"colorTransform":[20,20,20,18,0,0,0,0]}]},{"objects":[{"name":null,"type":1,"depth":1,"symbol":5,"clipDepth":0,"id":142,"matrix":[1,0,0,1,29116,9000]},{"name":null,"type":1,"depth":6,"symbol":11,"clipDepth":0,"id":3,"colorTransform":[20,20,20,18,0,0,0,0]}]},{"objects":[{"name":null,"type":1,"depth":1,"symbol":5,"clipDepth":0,"id":142,"matrix":[1,0,0,1,29661,9000]},{"name":null,"type":1,"depth":6,"symbol":11,"clipDepth":0,"id":3,"colorTransform":[20,20,20,17,0,0,0,0]}]},{"objects":[{"name":null,"type":1,"depth":1,"symbol":5,"clipDepth":0,"id":142,"matrix":[1,0,0,1,30205,9000]},{"name":null,"type":1,"depth":6,"symbol":11,"clipDepth":0,"id":3,"colorTransform":[20,20,20,17,0,0,0,0]}]},{"objects":[{"name":null,"type":1,"depth":1,"symbol":5,"clipDepth":0,"id":142,"matrix":[1,0,0,1,30749,9000]},{"name":null,"type":1,"depth":6,"symbol":11,"clipDepth":0,"id":3,"colorTransform":[20,20,20,16,0,0,0,0]}]},{"objects":[{"name":null,"type":1,"depth":1,"symbol":5,"clipDepth":0,"id":142,"matrix":[1,0,0,1,31294,9000]},{"name":null,"type":1,"depth":6,"symbol":11,"clipDepth":0,"id":3,"colorTransform":[20,20,20,15,0,0,0,0]}]},{"objects":[{"name":null,"type":1,"depth":1,"symbol":5,"clipDepth":0,"id":142,"matrix":[1,0,0,1,31838,9000]},{"name":null,"type":1,"depth":6,"symbol":11,"clipDepth":0,"id":3,"colorTransform":[20,20,20,15,0,0,0,0]}]},{"objects":[{"name":null,"type":1,"depth":1,"symbol":5,"clipDepth":0,"id":142,"matrix":[1,0,0,1,32383,9000]},{"name":null,"type":1,"depth":6,"symbol":11,"clipDepth":0,"id":3,"colorTransform":[20,20,20,14,0,0,0,0]}]},{"objects":[{"name":null,"type":1,"depth":1,"symbol":5,"clipDepth":0,"id":142,"matrix":[1,0,0,1,32927,9000]},{"name":null,"type":1,"depth":6,"symbol":11,"clipDepth":0,"id":3,"colorTransform":[20,20,20,14,0,0,0,0]}]},{"objects":[{"name":null,"type":1,"depth":1,"symbol":5,"clipDepth":0,"id":142,"matrix":[1,0,0,1,33472,9000]},{"name":null,"type":1,"depth":6,"symbol":11,"clipDepth":0,"id":3,"colorTransform":[20,20,20,13,0,0,0,0]}]},{"objects":[{"name":null,"type":1,"depth":1,"symbol":5,"clipDepth":0,"id":142,"matrix":[1,0,0,1,34016,9000]},{"name":null,"type":1,"depth":6,"symbol":11,"clipDepth":0,"id":3,"colorTransform":[20,20,20,13,0,0,0,0]}]},{"objects":[{"name":null,"type":1,"depth":1,"symbol":5,"clipDepth":0,"id":142,"matrix":[1,0,0,1,34560,9000]},{"name":null,"type":1,"depth":6,"symbol":11,"clipDepth":0,"id":3,"colorTransform":[20,20,20,12,0,0,0,0]}]},{"objects":[{"name":null,"type":1,"depth":1,"symbol":5,"clipDepth":0,"id":142,"matrix":[1,0,0,1,35105,9000]},{"name":null,"type":1,"depth":6,"symbol":11,"clipDepth":0,"id":3,"colorTransform":[20,20,20,11,0,0,0,0]}]},{"objects":[{"name":null,"type":1,"depth":1,"symbol":5,"clipDepth":0,"id":142,"matrix":[1,0,0,1,35649,9000]},{"name":null,"type":1,"depth":6,"symbol":11,"clipDepth":0,"id":3,"colorTransform":[20,20,20,11,0,0,0,0]}]},{"objects":[{"name":null,"type":1,"depth":1,"symbol":5,"clipDepth":0,"id":142,"matrix":[1,0,0,1,36194,9000]},{"name":null,"type":1,"depth":6,"symbol":11,"clipDepth":0,"id":3,"colorTransform":[20,20,20,10,0,0,0,0]}]},{"objects":[{"name":null,"type":1,"depth":1,"symbol":5,"clipDepth":0,"id":142,"matrix":[1,0,0,1,36738,9000]},{"name":null,"type":1,"depth":6,"symbol":11,"clipDepth":0,"id":3,"colorTransform":[20,20,20,10,0,0,0,0]}]},{"objects":[{"name":null,"type":1,"depth":1,"symbol":5,"clipDepth":0,"id":142,"matrix":[1,0,0,1,37282,9000]},{"name":null,"type":1,"depth":6,"symbol":11,"clipDepth":0,"id":3,"colorTransform":[20,20,20,9,0,0,0,0]}]},{"objects":[{"name":null,"type":1,"depth":1,"symbol":5,"clipDepth":0,"id":142,"matrix":[1,0,0,1,37827,9000]},{"name":null,"type":1,"depth":6,"symbol":11,"clipDepth":0,"id":3,"colorTransform":[20,20,20,9,0,0,0,0]}]},{"objects":[{"name":null,"type":1,"depth":1,"symbol":5,"clipDepth":0,"id":142,"matrix":[1,0,0,1,38371,9000]},{"name":null,"type":1,"depth":6,"symbol":11,"clipDepth":0,"id":3,"colorTransform":[20,20,20,8,0,0,0,0]}]},{"objects":[{"name":null,"type":1,"depth":1,"symbol":5,"clipDepth":0,"id":142,"matrix":[1,0,0,1,38915,9000]},{"name":null,"type":1,"depth":6,"symbol":11,"clipDepth":0,"id":3,"colorTransform":[20,20,20,7,0,0,0,0]}]},{"objects":[{"name":null,"type":1,"depth":1,"symbol":5,"clipDepth":0,"id":142,"matrix":[1,0,0,1,39460,9000]},{"name":null,"type":1,"depth":6,"symbol":11,"clipDepth":0,"id":3,"colorTransform":[20,20,20,7,0,0,0,0]}]},{"objects":[{"name":null,"type":1,"depth":1,"symbol":5,"clipDepth":0,"id":142,"matrix":[1,0,0,1,40004,9000]},{"name":null,"type":1,"depth":6,"symbol":11,"clipDepth":0,"id":3,"colorTransform":[20,20,20,6,0,0,0,0]}]},{"objects":[{"name":null,"type":1,"depth":1,"symbol":5,"clipDepth":0,"id":142,"matrix":[1,0,0,1,40549,9000]},{"name":null,"type":1,"depth":6,"symbol":11,"clipDepth":0,"id":3,"colorTransform":[20,20,20,6,0,0,0,0]}]},{"objects":[{"name":null,"type":1,"depth":1,"symbol":5,"clipDepth":0,"id":142,"matrix":[1,0,0,1,41093,9000]},{"name":null,"type":1,"depth":6,"symbol":11,"clipDepth":0,"id":3,"colorTransform":[20,20,20,5,0,0,0,0]}]},{"objects":[{"name":null,"type":1,"depth":1,"symbol":5,"clipDepth":0,"id":142,"matrix":[1,0,0,1,41637,9000]},{"name":null,"type":1,"depth":6,"symbol":11,"clipDepth":0,"id":3,"colorTransform":[20,20,20,5,0,0,0,0]}]},{"objects":[{"name":null,"type":1,"depth":1,"symbol":5,"clipDepth":0,"id":142,"matrix":[1,0,0,1,42182,9000]},{"name":null,"type":1,"depth":6,"symbol":11,"clipDepth":0,"id":3,"colorTransform":[20,20,20,4,0,0,0,0]}]},{"objects":[{"name":null,"type":1,"depth":1,"symbol":5,"clipDepth":0,"id":142,"matrix":[1,0,0,1,42726,9000]},{"name":null,"type":1,"depth":6,"symbol":11,"clipDepth":0,"id":3,"colorTransform":[20,20,20,3,0,0,0,0]}]},{"objects":[{"name":null,"type":1,"depth":1,"symbol":5,"clipDepth":0,"id":142,"matrix":[1,0,0,1,43270,9000]},{"name":null,"type":1,"depth":6,"symbol":11,"clipDepth":0,"id":3,"colorTransform":[20,20,20,3,0,0,0,0]}]},{"objects":[{"name":null,"type":1,"depth":1,"symbol":5,"clipDepth":0,"id":142,"matrix":[1,0,0,1,43815,9000]},{"name":null,"type":1,"depth":6,"symbol":11,"clipDepth":0,"id":3,"colorTransform":[20,20,20,2,0,0,0,0]}]},{"objects":[{"name":null,"type":1,"depth":1,"symbol":5,"clipDepth":0,"id":142,"matrix":[1,0,0,1,44359,9000]},{"name":null,"type":1,"depth":6,"symbol":11,"clipDepth":0,"id":3,"colorTransform":[20,20,20,2,0,0,0,0]}]},{"objects":[{"name":null,"type":1,"depth":1,"symbol":5,"clipDepth":0,"id":142,"matrix":[1,0,0,1,44904,9000]},{"name":null,"type":1,"depth":6,"symbol":11,"clipDepth":0,"id":3,"colorTransform":[20,20,20,1,0,0,0,0]}]},{"objects":[{"name":null,"type":1,"depth":1,"symbol":5,"clipDepth":0,"id":142,"matrix":[1,0,0,1,45448,9000]},{"name":null,"type":1,"depth":6,"symbol":11,"clipDepth":0,"id":3,"colorTransform":[20,20,20,1,0,0,0,0]}]},{"objects":[{"name":null,"type":1,"depth":1,"symbol":5,"clipDepth":0,"id":142,"matrix":[1,0,0,1,45993,9000]},{"name":null,"type":1,"depth":6,"symbol":11,"clipDepth":0,"id":3,"colorTransform":[20,20,20,0,0,0,0,0]}]},{"objects":[{"name":null,"type":1,"depth":1,"symbol":5,"clipDepth":0,"id":142,"matrix":[1,0,0,1,46537,9000]}]},{"objects":[{"name":null,"type":1,"depth":1,"symbol":5,"clipDepth":0,"id":142,"matrix":[1,0,0,1,47082,9000]}]},{"objects":[{"name":null,"type":1,"depth":1,"symbol":5,"clipDepth":0,"id":142,"matrix":[1,0,0,1,47626,9000]}]},{"objects":[{"name":null,"type":1,"depth":1,"symbol":5,"clipDepth":0,"id":142,"matrix":[1,0,0,1,48170,9000]}]},{"objects":[{"name":null,"type":1,"depth":1,"symbol":5,"clipDepth":0,"id":142,"matrix":[1,0,0,1,48715,9000]}]},{"objects":[{"name":null,"type":1,"depth":1,"symbol":5,"clipDepth":0,"id":142,"matrix":[1,0,0,1,49259,9000]}]},{"objects":[{"name":null,"type":1,"depth":1,"symbol":5,"clipDepth":0,"id":142,"matrix":[1,0,0,1,49804,9000]}]},{"objects":[{"name":null,"type":1,"depth":1,"symbol":5,"clipDepth":0,"id":142,"matrix":[1,0,0,1,50348,9000]}]},{"objects":[{"name":null,"type":1,"depth":1,"symbol":5,"clipDepth":0,"id":142,"matrix":[1,0,0,1,50892,9000]}]},{"objects":[{"name":null,"type":1,"depth":1,"symbol":5,"clipDepth":0,"id":142,"matrix":[1,0,0,1,51437,9000]}]},{"objects":[{"name":null,"type":1,"depth":1,"symbol":5,"clipDepth":0,"id":142,"matrix":[1,0,0,1,51981,9000]}]},{"objects":[{"name":null,"type":1,"depth":1,"symbol":5,"clipDepth":0,"id":142,"matrix":[1,0,0,1,52525,9000]}]},{"objects":[{"name":null,"type":1,"depth":1,"symbol":5,"clipDepth":0,"id":142,"matrix":[1,0,0,1,53070,9000]}]},{"objects":[{"name":null,"type":1,"depth":1,"symbol":5,"clipDepth":0,"id":142,"matrix":[1,0,0,1,53614,9000]}]},{"objects":[{"name":null,"type":1,"depth":1,"symbol":5,"clipDepth":0,"id":142,"matrix":[1,0,0,1,54158,9000]}]},{"objects":[{"name":null,"type":1,"depth":1,"symbol":5,"clipDepth":0,"id":142,"matrix":[1,0,0,1,54703,9000]}]},{"objects":[{"name":null,"type":1,"depth":1,"symbol":5,"clipDepth":0,"id":142,"matrix":[1,0,0,1,55247,9000]}]},{"objects":[{"name":null,"type":1,"depth":1,"symbol":5,"clipDepth":0,"id":142,"matrix":[1,0,0,1,55792,9000]}]},{"objects":[{"name":null,"type":1,"depth":1,"symbol":5,"clipDepth":0,"id":142,"matrix":[1,0,0,1,56336,9000]}]},{"objects":[{"name":null,"type":1,"depth":1,"symbol":5,"clipDepth":0,"id":142,"matrix":[1,0,0,1,56880,9000]}]},{"objects":[{"name":null,"type":1,"depth":1,"symbol":5,"clipDepth":0,"id":142,"matrix":[1,0,0,1,57425,9000]}]},{"objects":[{"name":null,"type":1,"depth":1,"symbol":5,"clipDepth":0,"id":142,"matrix":[1,0,0,1,57969,9000]}]},{"objects":[{"name":null,"type":1,"depth":1,"symbol":5,"clipDepth":0,"id":142,"matrix":[1,0,0,1,58514,9000]}]},{"objects":[{"name":null,"type":1,"depth":1,"symbol":5,"clipDepth":0,"id":142,"matrix":[1,0,0,1,59058,9000]}]},{"objects":[{"name":null,"type":1,"depth":1,"symbol":5,"clipDepth":0,"id":142,"matrix":[1,0,0,1,59603,9000]}]},{"objects":[{"name":null,"type":1,"depth":1,"symbol":5,"clipDepth":0,"id":142,"matrix":[1,0,0,1,60147,9000]}]},{"objects":[{"name":null,"type":1,"depth":1,"symbol":5,"clipDepth":0,"id":142,"matrix":[1,0,0,1,60691,9000]}]},{"objects":[{"name":null,"type":1,"depth":1,"symbol":5,"clipDepth":0,"id":142,"matrix":[1,0,0,1,61236,9000]}]},{"objects":[{"name":null,"type":1,"depth":1,"symbol":5,"clipDepth":0,"id":142,"matrix":[1,0,0,1,61780,9000]}]},{"objects":[{"name":null,"type":1,"depth":1,"symbol":5,"clipDepth":0,"id":142,"matrix":[1,0,0,1,62325,9000]}]},{"objects":[{"name":null,"type":1,"depth":1,"symbol":5,"clipDepth":0,"id":142,"matrix":[1,0,0,1,62869,9000]}]},{"objects":[{"name":null,"type":1,"depth":1,"symbol":5,"clipDepth":0,"id":142,"matrix":[1,0,0,1,63413,9000]}]},{"objects":[{"name":null,"type":1,"depth":1,"symbol":5,"clipDepth":0,"id":142,"matrix":[1,0,0,1,63958,9000]}]},{"objects":[{"name":null,"type":1,"depth":1,"symbol":5,"clipDepth":0,"id":142,"matrix":[1,0,0,1,64502,9000]}]}]},{"selectable":false,"html":true,"password":false,"color":-16777216,"fontName":"ARCO Typography","rect":[-18021,-40,48697,4580],"text":"<p align=\"center\"><font face=\"ARCO Typography\" size=\"200\" color=\"#000000\" letterSpacing=\"-1.00\" kerning=\"1\">Help</font></p>","type":2,"border":false,"leftMargin":0,"fontID":25,"id":67,"wordWrap":false,"leading":40,"indent":0,"multiline":false,"align":"center","rightMargin":0,"fontHeight":4000,"input":false},{"type":5,"id":11,"frames":[{"objects":[{"type":0,"depth":0,"symbol":10,"clipDepth":0,"id":0,"visible":true,"matrix":[1,0,0,1,-15650,-9000]}]}]},{"type":5,"className":"Highscores","baseClassName":null,"id":66,"frames":[{"objects":[{"name":null,"type":0,"depth":1,"symbol":23,"clipDepth":0,"id":0,"matrix":[1,0,0,1,0,0]},{"name":null,"type":0,"depth":2,"symbol":53,"clipDepth":0,"id":1,"matrix":[1,0,0,1,20418,3002]},{"name":null,"type":0,"depth":3,"symbol":55,"clipDepth":0,"id":2,"matrix":[1,0,0,1,24124,8661]},{"name":null,"type":0,"depth":4,"symbol":56,"clipDepth":0,"id":3,"matrix":[1,0,0,1,5668,11641]},{"name":null,"type":0,"depth":5,"symbol":57,"clipDepth":0,"id":4,"matrix":[1,0,0,1,5668,13977]},{"name":null,"type":0,"depth":6,"symbol":58,"clipDepth":0,"id":5,"matrix":[1,0,0,1,5668,16313]},{"name":null,"type":0,"depth":7,"symbol":59,"clipDepth":0,"id":6,"matrix":[1,0,0,1,5668,18649]},{"name":null,"type":0,"depth":8,"symbol":60,"clipDepth":0,"id":7,"matrix":[1,0,0,1,5668,20985]},{"name":null,"type":0,"depth":9,"symbol":61,"clipDepth":0,"id":8,"matrix":[1,0,0,1,22915,11641]},{"name":null,"type":0,"depth":10,"symbol":62,"clipDepth":0,"id":9,"matrix":[1,0,0,1,22915,13977]},{"name":null,"type":0,"depth":11,"symbol":63,"clipDepth":0,"id":10,"matrix":[1,0,0,1,22915,16313]},{"name":null,"type":0,"depth":12,"symbol":64,"clipDepth":0,"id":11,"matrix":[1,0,0,1,22915,18649]},{"name":null,"type":0,"depth":13,"symbol":65,"clipDepth":0,"id":12,"matrix":[1,0,0,1,24357,22287]},{"name":null,"type":0,"depth":14,"symbol":28,"clipDepth":0,"id":13,"matrix":[1,0,0,1,17026,25893]}]}]},{"path":"symbols/10.png","type":0,"id":10},{"selectable":false,"html":true,"password":false,"color":-16777216,"fontName":"MV Boli","rect":[-40,-40,17247,2336],"text":"<p align=\"center\"><font face=\"MV Boli\" size=\"70\" color=\"#000000\" letterSpacing=\"-1.00\" kerning=\"1\">11 : ABC 10000 pts</font></p>","type":2,"border":false,"leftMargin":0,"fontID":54,"id":65,"wordWrap":false,"leading":40,"indent":0,"multiline":false,"align":"center","rightMargin":0,"fontHeight":1400,"input":false},{"type":5,"id":9,"frames":[{"objects":[{"type":0,"depth":0,"symbol":8,"clipDepth":0,"id":0,"visible":true,"matrix":[1,0,0,1,-15650,-9000]}]}]},{"selectable":false,"html":true,"password":false,"color":-16777216,"fontName":"MV Boli","rect":[-40,-40,17247,2336],"text":"<p align=\"center\"><font face=\"MV Boli\" size=\"70\" color=\"#000000\" letterSpacing=\"-1.00\" kerning=\"1\">10 : ABC 10000 pts</font></p>","type":2,"border":false,"leftMargin":0,"fontID":54,"id":64,"wordWrap":false,"leading":40,"indent":0,"multiline":false,"align":"center","rightMargin":0,"fontHeight":1400,"input":false},{"path":"symbols/8.png","type":0,"id":8},{"selectable":false,"html":true,"password":false,"color":-16777216,"fontName":"MV Boli","rect":[-40,-40,17247,2336],"text":"<p align=\"center\"><font face=\"MV Boli\" size=\"70\" color=\"#000000\" letterSpacing=\"-1.00\" kerning=\"1\">9 : ABC 10000 pts</font></p>","type":2,"border":false,"leftMargin":0,"fontID":54,"id":63,"wordWrap":false,"leading":40,"indent":0,"multiline":false,"align":"center","rightMargin":0,"fontHeight":1400,"input":false},{"type":4,"id":7,"commands":[3,5,1,0,1,8,27846,8125,4,27876,8233,27874,8372,4,27872,8547,27827,8686,4,27771,8861,27642,8998,4,27491,9157,27301,9199,7,27144,9214,7,26985,9208,7,26896,9202,7,26885,9239,4,26834,9395,26731,9525,4,26650,9629,26499,9753,4,26334,9891,26188,9963,4,26111,10001,26085,10019,7,26048,10053,7,26013,10088,4,25953,10142,25873,10172,4,25796,10201,25712,10204,4,25556,10210,25392,10136,7,25270,10077,4,25198,10044,25143,10035,7,25043,10030,7,24943,10030,4,24799,10022,24680,9938,4,24555,9851,24515,9720,7,24500,9668,4,24491,9637,24479,9618,7,24420,9554,4,24327,9462,24255,9290,4,24182,9090,24140,8993,4,24121,8948,24066,8838,4,24018,8739,23995,8681,4,23928,8510,23899,8263,7,23861,7831,4,23844,7653,23847,7578,4,23852,7437,23907,7341,4,23946,7273,24010,7227,7,24009,7186,4,24009,7068,24058,6953,4,24100,6852,24179,6749,4,24239,6670,24337,6570,4,24472,6433,24585,6346,7,24638,6308,4,24654,6261,24682,6217,4,24735,6134,24818,6087,4,24878,6053,24971,6030,7,25018,6020,4,25048,6002,25085,5983,7,25253,5889,7,25378,5805,7,25503,5721,4,25650,5631,25863,5557,7,26244,5441,4,26401,5394,26473,5382,4,26603,5360,26703,5387,4,26733,5395,26760,5408,4,26886,5397,27046,5433,4,27162,5459,27231,5498,7,27236,5501,7,27237,5501,7,27712,5731,7,27374,6053,7,27366,6066,7,27367,6073,7,27354,6072,7,27117,6298,7,27116,6591,7,26806,6921,7,26184,7408,7,26414,7480,7,26640,7412,7,26760,7412,7,27378,7183,7,27527,7317,7,27438,7434,7,27598,7434,7,27748,7525,7,27844,8120,7,27846,8125,8,27354,6072,7,27374,6053,7,27354,6072,5,6,1,0,1,false,2,1,2,3,8,27231,5498,7,27236,5501,7,27237,5501,7,27712,5731,7,27374,6053,7,27354,6072,7,27117,6298,7,27116,6591,7,26806,6921,7,26184,7408,7,26414,7480,7,26640,7412,7,26760,7412,7,27378,7183,7,27527,7317,7,27438,7434,7,27598,7434,7,27748,7525,7,27844,8120,7,27846,8125]},{"selectable":false,"html":true,"password":false,"color":-16777216,"fontName":"MV Boli","rect":[-40,-40,17247,2336],"text":"<p align=\"center\"><font face=\"MV Boli\" size=\"70\" color=\"#000000\" letterSpacing=\"-1.00\" kerning=\"1\">8 : ABC 10000 pts</font></p>","type":2,"border":false,"leftMargin":0,"fontID":54,"id":62,"wordWrap":false,"leading":40,"indent":0,"multiline":false,"align":"center","rightMargin":0,"fontHeight":1400,"input":false},{"type":5,"id":6,"frames":[{"objects":[{"name":null,"type":0,"depth":1,"symbol":5,"clipDepth":0,"id":0,"matrix":[1,0,0,1,15650,9000]}]}]},{"selectable":false,"html":true,"password":false,"color":-16777216,"fontName":"MV Boli","rect":[-40,-40,17247,2336],"text":"<p align=\"center\"><font face=\"MV Boli\" size=\"70\" color=\"#000000\" letterSpacing=\"-1.00\" kerning=\"1\">7 : ABC 10000 pts</font></p>","type":2,"border":false,"leftMargin":0,"fontID":54,"id":61,"wordWrap":false,"leading":40,"indent":0,"multiline":false,"align":"center","rightMargin":0,"fontHeight":1400,"input":false},{"type":5,"id":5,"frames":[{"objects":[{"type":0,"depth":0,"symbol":4,"clipDepth":0,"id":0,"visible":true,"matrix":[1,0,0,1,-15650,-9000]}]}]},{"selectable":false,"html":true,"password":false,"color":-16777216,"fontName":"MV Boli","rect":[-40,-40,17247,2336],"text":"<p align=\"center\"><font face=\"MV Boli\" size=\"70\" color=\"#000000\" letterSpacing=\"-1.00\" kerning=\"1\">6 : ABC 10000 pts</font></p>","type":2,"border":false,"leftMargin":0,"fontID":54,"id":60,"wordWrap":false,"leading":40,"indent":0,"multiline":false,"align":"center","rightMargin":0,"fontHeight":1400,"input":false},{"path":"symbols/4.png","type":0,"id":4},{"selectable":false,"html":true,"password":false,"color":-16777216,"fontName":"MV Boli","rect":[-40,-40,17247,2336],"text":"<p align=\"center\"><font face=\"MV Boli\" size=\"70\" color=\"#000000\" letterSpacing=\"-1.00\" kerning=\"1\">5 : ABC 10000 pts</font></p>","type":2,"border":false,"leftMargin":0,"fontID":54,"id":59,"wordWrap":false,"leading":40,"indent":0,"multiline":false,"align":"center","rightMargin":0,"fontHeight":1400,"input":false},{"type":5,"id":3,"frames":[{"objects":[{"name":null,"type":0,"depth":2,"symbol":2,"clipDepth":0,"id":0,"matrix":[1,0,0,1,0,0]}]}]},{"selectable":false,"html":true,"password":false,"color":-16777216,"fontName":"MV Boli","rect":[-40,-40,17247,2336],"text":"<p align=\"center\"><font face=\"MV Boli\" size=\"70\" color=\"#000000\" letterSpacing=\"-1.00\" kerning=\"1\">4 : ABC 10000 pts</font></p>","type":2,"border":false,"leftMargin":0,"fontID":54,"id":58,"wordWrap":false,"leading":40,"indent":0,"multiline":false,"align":"center","rightMargin":0,"fontHeight":1400,"input":false},{"type":4,"id":2,"commands":[3,5,1,6737100,1,8,0,0,7,48600,0,7,48600,30720,7,0,30720,7,0,0,5,3,5,0,1,[1.89227294921875,0,0,1.89227294921875,-8240,-9020],false,true,8,-8240,-9020,7,55340,-9020,7,55340,30718,7,-8240,30718,7,-8240,-9020,5]},{"selectable":false,"html":true,"password":false,"color":-16777216,"fontName":"MV Boli","rect":[-40,-40,17247,2336],"text":"<p align=\"center\"><font face=\"MV Boli\" size=\"70\" color=\"#000000\" letterSpacing=\"-1.00\" kerning=\"1\">3 : ABC 10000 pts</font></p>","type":2,"border":false,"leftMargin":0,"fontID":54,"id":57,"wordWrap":false,"leading":40,"indent":0,"multiline":false,"align":"center","rightMargin":0,"fontHeight":1400,"input":false},{"path":"symbols/1.jpg","type":0,"id":1},{"selectable":false,"html":true,"password":false,"color":-16777216,"fontName":"MV Boli","rect":[-40,-40,17247,2336],"text":"<p align=\"center\"><font face=\"MV Boli\" size=\"70\" color=\"#000000\" letterSpacing=\"-1.00\" kerning=\"1\">2 : ABC 10000 pts</font></p>","type":2,"border":false,"leftMargin":0,"fontID":54,"id":56,"wordWrap":false,"leading":40,"indent":0,"multiline":false,"align":"center","rightMargin":0,"fontHeight":1400,"input":false}],"frameRate":60}