{"root":0,"uuid":"7k7xoHaOQV9pOB0MTGB7","version":0.1,"symbols":[{"type":5,"frames":[{"objects":[{"name":null,"type":0,"depth":1,"symbol":21,"clipDepth":0,"id":30,"matrix":[1,0,0,1,80,193]},{"name":null,"type":0,"depth":5,"symbol":14,"clipDepth":0,"id":31,"matrix":[1,0,0,1,21610,15460]}]}]},{"type":5,"id":13,"frames":[{"objects":[{"name":null,"type":0,"depth":1,"symbol":12,"clipDepth":0,"id":0,"matrix":[0.821731567382813,0,0,1,10118,40]}]}]},{"selectable":false,"html":true,"password":false,"color":-16711936,"fontName":"Unexplored Galaxies -BRK-","rect":[-12313,-40,65783,9838],"text":"<p align=\"center\"><font face=\"Unexplored Galaxies -BRK-\" size=\"300\" color=\"#00ff00\" letterSpacing=\"0.00\" kerning=\"1\">*TITLECARD</font></p>","type":2,"border":false,"leftMargin":0,"fontID":11,"id":12,"wordWrap":false,"leading":40,"indent":0,"multiline":false,"align":"center","rightMargin":0,"fontHeight":6000,"input":false},{"hitState":{"type":5,"frames":[{"objects":[{"type":0,"depth":0,"symbol":3,"clipDepth":0,"id":0,"visible":true,"colorTransform":[0,0,0,20,0,0,0,0],"matrix":[1,0,0,1,-48,160]},{"type":0,"depth":1,"symbol":9,"clipDepth":0,"id":1,"visible":true,"colorTransform":[20,20,20,20,0,0,0,0],"matrix":[1,0,0,1,-3559,-976]}]}]},"type":1,"upState":{"type":5,"frames":[{"objects":[{"type":0,"depth":0,"symbol":4,"clipDepth":0,"id":0,"visible":true,"colorTransform":[20,20,20,20,0,0,0,0],"matrix":[1,0,0,1,-48,160]},{"type":0,"depth":1,"symbol":6,"clipDepth":0,"id":1,"visible":true,"colorTransform":[20,20,20,20,0,0,0,0],"matrix":[1,0,0,1,-3553,-976]}]}]},"overState":{"type":5,"frames":[{"objects":[{"type":0,"depth":0,"symbol":4,"clipDepth":0,"id":0,"visible":true,"colorTransform":[0,0,0,20,0,0,0,0],"matrix":[1,0,0,1,-2,8]},{"type":0,"depth":1,"symbol":7,"clipDepth":0,"id":1,"visible":true,"colorTransform":[20,20,20,20,0,0,0,0],"matrix":[1,0,0,1,-3559,-976]}]}]},"id":10,"downState":{"type":5,"frames":[{"objects":[{"type":0,"depth":0,"symbol":4,"clipDepth":0,"id":0,"visible":true,"colorTransform":[0,0,0,20,0,0,0,0],"matrix":[1,0,0,1,-48,160]},{"type":0,"depth":1,"symbol":8,"clipDepth":0,"id":1,"visible":true,"colorTransform":[20,20,20,20,0,0,0,0],"matrix":[1,0,0,1,-3559,-976]}]}]}},{"selectable":false,"html":true,"password":false,"color":-1,"fontName":"Times New Roman","rect":[-40,-40,7199,2073],"text":"<p align=\"center\"><font face=\"Times New Roman\" size=\"90\" color=\"#ffffff\" letterSpacing=\"-1.00\" kerning=\"1\">*PLAY</font></p>","type":2,"border":false,"leftMargin":0,"fontID":5,"id":9,"wordWrap":false,"leading":40,"indent":0,"multiline":false,"align":"center","rightMargin":0,"fontHeight":1800,"input":false},{"selectable":false,"html":true,"password":false,"color":-1,"fontName":"Times New Roman","rect":[-40,-40,7199,2073],"text":"<p align=\"center\"><font face=\"Times New Roman\" size=\"90\" color=\"#ffffff\" letterSpacing=\"-1.00\" kerning=\"1\">*PLAY</font></p>","type":2,"border":false,"leftMargin":0,"fontID":5,"id":8,"wordWrap":false,"leading":40,"indent":0,"multiline":false,"align":"center","rightMargin":0,"fontHeight":1800,"input":false},{"type":5,"className":"Hud","baseClassName":null,"id":21,"frames":[{"objects":[{"name":"mcBottomLeft","type":0,"depth":1,"symbol":17,"clipDepth":0,"id":0,"matrix":[1,0,0,1,0,28560]},{"name":"mcTopCenter","type":0,"depth":3,"symbol":20,"clipDepth":0,"id":1,"matrix":[1,0,0,1,21491,0]}]}]},{"selectable":false,"html":true,"password":false,"color":-1,"fontName":"Times New Roman","rect":[-40,-40,7199,2073],"text":"<p align=\"center\"><font face=\"Times New Roman\" size=\"90\" color=\"#ffffff\" letterSpacing=\"-1.00\" kerning=\"1\">*PLAY</font></p>","type":2,"border":false,"leftMargin":0,"fontID":5,"id":7,"wordWrap":false,"leading":40,"indent":0,"multiline":false,"align":"center","rightMargin":0,"fontHeight":1800,"input":false},{"type":5,"id":20,"frames":[{"objects":[{"name":"txtScore","type":0,"depth":1,"symbol":19,"clipDepth":0,"id":0,"matrix":[1.62339782714844,0,0,1.62339782714844,-7802,698]}]}]},{"selectable":false,"html":true,"password":false,"color":-1,"fontName":"Times New Roman","rect":[-40,-40,7199,2073],"text":"<p align=\"center\"><font face=\"Times New Roman\" size=\"90\" color=\"#ffffff\" letterSpacing=\"-1.00\" kerning=\"1\">*PLAY</font></p>","type":2,"border":false,"leftMargin":0,"fontID":5,"id":6,"wordWrap":false,"leading":40,"indent":0,"multiline":false,"align":"center","rightMargin":0,"fontHeight":1800,"input":false},{"selectable":false,"html":true,"password":false,"color":-16777216,"fontName":"Impact","rect":[-40,-40,9692,1544],"text":"<p align=\"center\"><font face=\"Impact\" size=\"60\" color=\"#000000\" letterSpacing=\"0.00\" kerning=\"1\">*000</font></p>","type":2,"border":false,"leftMargin":0,"fontID":18,"id":19,"wordWrap":false,"leading":40,"indent":0,"multiline":false,"align":"center","rightMargin":0,"fontHeight":1200,"input":false},{"type":5,"id":4,"frames":[{"objects":[{"name":null,"type":0,"depth":1,"symbol":3,"clipDepth":0,"id":0,"matrix":[1,0,0,1,0,0]}]}]},{"type":5,"id":17,"frames":[{"objects":[{"name":null,"type":0,"depth":1,"symbol":16,"clipDepth":0,"id":0,"matrix":[1,0,0,1,0,0]}]}]},{"type":4,"id":3,"commands":[3,5,1,65280,1,8,-4953,-1906,7,5061,-1906,4,5740,-1906,6220,-1426,4,6701,-945,6701,-266,7,6701,-14,4,6701,665,6220,1145,4,5740,1626,5061,1626,7,-4953,1626,4,-5632,1626,-6113,1145,4,-6593,665,-6593,-14,7,-6593,-266,4,-6593,-945,-6113,-1426,4,-5632,-1906,-4953,-1906,5]},{"type":5,"id":16,"frames":[{"objects":[{"type":0,"depth":0,"symbol":15,"clipDepth":0,"id":0,"visible":true,"matrix":[1,0,0,1,0,-3320]}]}]},{"type":5,"id":2,"frames":[{"objects":[{"name":null,"type":0,"depth":1,"symbol":1,"clipDepth":0,"id":0,"matrix":[1,0,0,1,0,0]}]}]},{"path":"symbols/15.png","type":0,"id":15},{"type":4,"id":1,"commands":[3,5,1,6750156,1,8,0,0,7,48600,0,7,48600,30720,7,0,30720,7,0,0,5]},{"type":5,"className":"TitleCard","baseClassName":null,"id":14,"frames":[{"objects":[{"name":"background","type":0,"depth":1,"symbol":2,"clipDepth":0,"id":0,"matrix":[1.28312683105469,0,0,1.0546875,-31193,-17130]},{"name":"btnPlay","type":0,"depth":3,"symbol":10,"clipDepth":0,"id":1,"matrix":[1,0,0,1,0,9276]},{"name":null,"type":0,"depth":7,"symbol":13,"clipDepth":0,"id":2,"matrix":[1,0,0,1,-27038,-7464]}]}]}],"frameRate":60}