{"root":0,"uuid":"5o2BV5JMqNA0EY1LJ9nA","version":0.1,"symbols":[{"type":5,"frames":[{}]},{"type":5,"className":"GraphicLoader","baseClassName":null,"id":4,"frames":[{"objects":[{"name":null,"type":0,"depth":1,"symbol":1,"clipDepth":0,"id":0,"matrix":[1,0,0,1,0,0]},{"name":"mcFill","type":0,"depth":2,"symbol":3,"clipDepth":0,"id":1,"matrix":[1,0,0,1,-8000,0]}]}]},{"type":5,"id":3,"frames":[{"objects":[{"name":null,"type":0,"depth":1,"symbol":2,"clipDepth":0,"id":0,"matrix":[1,0,0,1,0,0]}]}]},{"type":4,"id":2,"commands":[3,5,1,6710886,1,8,0,-908,7,16000,-908,7,16000,909,7,0,909,7,0,-908,5]},{"type":4,"id":1,"commands":[6,1,10066329,1,false,2,1,2,3,8,-8000,-908,7,8000,-908,7,8000,909,7,-8000,909,7,-8000,-908]}],"frameRate":60}